<?xml version="1.0" encoding="utf-8"?> <?xml-stylesheet type="text/xsl" href="http://www.sitecore.net/licenseviewer/license.xsl"?><signedlicense id="20200809220524"><Signature><SignedInfo xmlns="http://www.w3.org/2000/09/xmldsig#"><CanonicalizationMethod Algorithm="http://www.w3.org/TR/2001/REC-xml-c14n-20010315" /><SignatureMethod Algorithm="http://www.w3.org/2000/09/xmldsig#rsa-sha1" /><Reference URI="#SiteCore.License"><DigestMethod Algorithm="http://www.w3.org/2000/09/xmldsig#sha1" /><DigestValue>WRPyGW90X2JIBl/bT6IqUGHfvaA=</DigestValue></Reference></SignedInfo><SignatureValue xmlns="http://www.w3.org/2000/09/xmldsig#">IzKfCrbjdk1or/ZOpYz7r7c+s4JHIrBXw6blLtxP+vCWQZY0KVRXwAYMU5WZAqrz666sHqPJlFns4h6uO4AN1aGvRIG+ELxqi+woaTaPK/nmpUA9joQ/cUI6K6J74vDV5awv85se6h8h+O6prSeV+K1KBDsDhMi0uhaW243vkUg=</SignatureValue><KeyInfo xmlns="http://www.w3.org/2000/09/xmldsig#"><KeyValue><RSAKeyValue><Modulus>wRSGFs73V0JMKVVRCX9pEVmluvNojvtDvzHduZ+pX458q9THGbti8zEty6ydF7nxVFCRriONFm6w+PtcZhRT+eXMb21jzY6biII4BXdh91BmVZ96FyYROMnHS6zjfK7+oDbsVV8XWkZ11DiHa+9wySxQcc4fBd23xGYpo52p2fc=</Modulus><Exponent>AQAB</Exponent></RSAKeyValue></KeyValue></KeyInfo><Object Id="SiteCore.License" xmlns="http://www.w3.org/2000/09/xmldsig#"><license xmlns=""><id>20200809220524</id><expiration>20210830T000000</expiration><version>9</version><urls>?</urls><licensee>Pennywise Solutions Private Limited</licensee><companyno /><purpose /><address /><countryiso>IN</countryiso><country>India</country><reseller /><resellerurl /></license></Object></Signature><Signature><SignedInfo xmlns="http://www.w3.org/2000/09/xmldsig#"><CanonicalizationMethod Algorithm="http://www.w3.org/TR/2001/REC-xml-c14n-20010315" /><SignatureMethod Algorithm="http://www.w3.org/2000/09/xmldsig#rsa-sha1" /><Reference URI="#Sitecore.JSS"><DigestMethod Algorithm="http://www.w3.org/2000/09/xmldsig#sha1" /><DigestValue>Ku2sAhqv0Abnu4Zk1JaQbTYdFL4=</DigestValue></Reference></SignedInfo><SignatureValue xmlns="http://www.w3.org/2000/09/xmldsig#">VXDxTQoSONTeG3sFa1deBLtTSvDdHfKAbfBnUuJc+o2640aXZWyvhVBycUBsK6dJ6PuyDKgHBTABQ3YoJPPLnEEQZYCo0cPBsAlDMdHcumDe7abBXwbsddU+K52cLgxHAlZuwcFDc5VAU3yCkY1Dw0S/1te9HPDZSyUMNlLjjQA=</SignatureValue><KeyInfo xmlns="http://www.w3.org/2000/09/xmldsig#"><KeyValue><RSAKeyValue><Modulus>wRSGFs73V0JMKVVRCX9pEVmluvNojvtDvzHduZ+pX458q9THGbti8zEty6ydF7nxVFCRriONFm6w+PtcZhRT+eXMb21jzY6biII4BXdh91BmVZ96FyYROMnHS6zjfK7+oDbsVV8XWkZ11DiHa+9wySxQcc4fBd23xGYpo52p2fc=</Modulus><Exponent>AQAB</Exponent></RSAKeyValue></KeyValue></KeyInfo><Object Id="Sitecore.JSS" xmlns="http://www.w3.org/2000/09/xmldsig#"><module xmlns=""><idref>20200809220524</idref><name>Sitecore.JSS</name><count>1</count><expiration>20210830T000000</expiration><version>9</version><comment /><licenseagreement>?</licenseagreement></module></Object></Signature><Signature><SignedInfo xmlns="http://www.w3.org/2000/09/xmldsig#"><CanonicalizationMethod Algorithm="http://www.w3.org/TR/2001/REC-xml-c14n-20010315" /><SignatureMethod Algorithm="http://www.w3.org/2000/09/xmldsig#rsa-sha1" /><Reference URI="#Sitecore.OMS"><DigestMethod Algorithm="http://www.w3.org/2000/09/xmldsig#sha1" /><DigestValue>vEM7NhTEEjdqaD7hkR0XW/2BDMw=</DigestValue></Reference></SignedInfo><SignatureValue xmlns="http://www.w3.org/2000/09/xmldsig#">F90yV24uYf5E8adteOxtqgTY0dec48nk/CoP7dtFD3ciTqvwHppeGkNmeQLabooH3d2kieFxlzDQBhXcKSpQBatzI5JX1xl1yiWRsbCH2A89y2YprRZOYAuDn/vjw6BW+MGOGoA7jGu7+3cg787M7FLFj/8ZRQGCmO6YjOuTiyo=</SignatureValue><KeyInfo xmlns="http://www.w3.org/2000/09/xmldsig#"><KeyValue><RSAKeyValue><Modulus>wRSGFs73V0JMKVVRCX9pEVmluvNojvtDvzHduZ+pX458q9THGbti8zEty6ydF7nxVFCRriONFm6w+PtcZhRT+eXMb21jzY6biII4BXdh91BmVZ96FyYROMnHS6zjfK7+oDbsVV8XWkZ11DiHa+9wySxQcc4fBd23xGYpo52p2fc=</Modulus><Exponent>AQAB</Exponent></RSAKeyValue></KeyValue></KeyInfo><Object Id="Sitecore.OMS" xmlns="http://www.w3.org/2000/09/xmldsig#"><module xmlns=""><idref>20200809220524</idref><name>Sitecore.OMS</name><count>1</count><expiration>20210830T000000</expiration><version>9</version><comment /><licenseagreement>?</licenseagreement></module></Object></Signature><Signature><SignedInfo xmlns="http://www.w3.org/2000/09/xmldsig#"><CanonicalizationMethod Algorithm="http://www.w3.org/TR/2001/REC-xml-c14n-20010315" /><SignatureMethod Algorithm="http://www.w3.org/2000/09/xmldsig#rsa-sha1" /><Reference URI="#Sitecore.SEO"><DigestMethod Algorithm="http://www.w3.org/2000/09/xmldsig#sha1" /><DigestValue>ANFDV1OuTx3tc/keBRg/OiBhp0o=</DigestValue></Reference></SignedInfo><SignatureValue xmlns="http://www.w3.org/2000/09/xmldsig#">dCLWdffg3Ah6WNARQ4CPwVMIgk16ar/SumiDwJro7febqDGiZRJwJ7L/PMivh/K1GOOzzpHW138Yjv9HCXskkYCGGJr1s1V/TYA7bqWe+YeaXsxtkglRoX93ypZeV/jQX2nXccHUL863gFH1tqRFEa9o+G9l9C7ji8rTYWsz2IE=</SignatureValue><KeyInfo xmlns="http://www.w3.org/2000/09/xmldsig#"><KeyValue><RSAKeyValue><Modulus>wRSGFs73V0JMKVVRCX9pEVmluvNojvtDvzHduZ+pX458q9THGbti8zEty6ydF7nxVFCRriONFm6w+PtcZhRT+eXMb21jzY6biII4BXdh91BmVZ96FyYROMnHS6zjfK7+oDbsVV8XWkZ11DiHa+9wySxQcc4fBd23xGYpo52p2fc=</Modulus><Exponent>AQAB</Exponent></RSAKeyValue></KeyValue></KeyInfo><Object Id="Sitecore.SEO" xmlns="http://www.w3.org/2000/09/xmldsig#"><module xmlns=""><idref>20200809220524</idref><name>Sitecore.SEO</name><count>1</count><expiration>20210830T000000</expiration><version>9</version><comment /><licenseagreement>?</licenseagreement></module></Object></Signature><Signature><SignedInfo xmlns="http://www.w3.org/2000/09/xmldsig#"><CanonicalizationMethod Algorithm="http://www.w3.org/TR/2001/REC-xml-c14n-20010315" /><SignatureMethod Algorithm="http://www.w3.org/2000/09/xmldsig#rsa-sha1" /><Reference URI="#Sitecore.SXA"><DigestMethod Algorithm="http://www.w3.org/2000/09/xmldsig#sha1" /><DigestValue>OkXgDmo+6e7ttiMHZM/oMnn/y3c=</DigestValue></Reference></SignedInfo><SignatureValue xmlns="http://www.w3.org/2000/09/xmldsig#">gUGNEUmxkWOqdQ84oZrYiH49DpNFICfOUv/Acm7FYZaVUINvq8OIRVLRybrCzFtbFaMgvPOZAS5cQ9PKEjfrCFFNlIRoxN3n+uU2CdRC8hNyQQ+ohK6TIGCxnIPzUa7p0XV7lTGiy3nDwtYOCOc1Di4o1yjA7pbKFWdON+RTcQE=</SignatureValue><KeyInfo xmlns="http://www.w3.org/2000/09/xmldsig#"><KeyValue><RSAKeyValue><Modulus>wRSGFs73V0JMKVVRCX9pEVmluvNojvtDvzHduZ+pX458q9THGbti8zEty6ydF7nxVFCRriONFm6w+PtcZhRT+eXMb21jzY6biII4BXdh91BmVZ96FyYROMnHS6zjfK7+oDbsVV8XWkZ11DiHa+9wySxQcc4fBd23xGYpo52p2fc=</Modulus><Exponent>AQAB</Exponent></RSAKeyValue></KeyValue></KeyInfo><Object Id="Sitecore.SXA" xmlns="http://www.w3.org/2000/09/xmldsig#"><module xmlns=""><idref>20200809220524</idref><name>Sitecore.SXA</name><count>1</count><expiration>20210830T000000</expiration><version>9</version><comment /><licenseagreement>?</licenseagreement></module></Object></Signature><Signature><SignedInfo xmlns="http://www.w3.org/2000/09/xmldsig#"><CanonicalizationMethod Algorithm="http://www.w3.org/TR/2001/REC-xml-c14n-20010315" /><SignatureMethod Algorithm="http://www.w3.org/2000/09/xmldsig#rsa-sha1" /><Reference URI="#Sitecore.SFMC"><DigestMethod Algorithm="http://www.w3.org/2000/09/xmldsig#sha1" /><DigestValue>ZhZxFhqbzmnGh+1yMU3iXXKKkH4=</DigestValue></Reference></SignedInfo><SignatureValue xmlns="http://www.w3.org/2000/09/xmldsig#">P/rNyybDe2K+HozlmTMQv4E/475zOcgpTvOAOKyf3XonFtVxj1z+xJFwwlaB7u5lBWuZZtEYmJ8Orlcx+UzoTKUY9dky3w9mDy3h45jjgYFkyd4OpkkBLJOhSXW392l/NBBbxcNmbjC8ef95W5TjotCwGUpImSwq01ePey0TvBY=</SignatureValue><KeyInfo xmlns="http://www.w3.org/2000/09/xmldsig#"><KeyValue><RSAKeyValue><Modulus>wRSGFs73V0JMKVVRCX9pEVmluvNojvtDvzHduZ+pX458q9THGbti8zEty6ydF7nxVFCRriONFm6w+PtcZhRT+eXMb21jzY6biII4BXdh91BmVZ96FyYROMnHS6zjfK7+oDbsVV8XWkZ11DiHa+9wySxQcc4fBd23xGYpo52p2fc=</Modulus><Exponent>AQAB</Exponent></RSAKeyValue></KeyValue></KeyInfo><Object Id="Sitecore.SFMC" xmlns="http://www.w3.org/2000/09/xmldsig#"><module xmlns=""><idref>20200809220524</idref><name>Sitecore.SFMC</name><count>1</count><expiration>20210830T000000</expiration><version>9</version><comment /><licenseagreement>?</licenseagreement></module></Object></Signature><Signature><SignedInfo xmlns="http://www.w3.org/2000/09/xmldsig#"><CanonicalizationMethod Algorithm="http://www.w3.org/TR/2001/REC-xml-c14n-20010315" /><SignatureMethod Algorithm="http://www.w3.org/2000/09/xmldsig#rsa-sha1" /><Reference URI="#Sitecore.WFFM"><DigestMethod Algorithm="http://www.w3.org/2000/09/xmldsig#sha1" /><DigestValue>jxqAXsOg/v8xVT8utjE2niV7mcc=</DigestValue></Reference></SignedInfo><SignatureValue xmlns="http://www.w3.org/2000/09/xmldsig#">ZJhkarAnhUUD8Xu+4/C+GxrfLGgpn4aYy4dhWvZLaFdP6f7f8M35oA0sjM18A2OmDRV5gqI1dwxMunsGZZ7XoFnaNjYs7yj5dVHDw0n92wMYTfnVSnVNK+dQBbbxZQfa9ybjfrmAb/B5TXfPuv1EGldK1oQ2z2cGFBrNgv9oM7U=</SignatureValue><KeyInfo xmlns="http://www.w3.org/2000/09/xmldsig#"><KeyValue><RSAKeyValue><Modulus>wRSGFs73V0JMKVVRCX9pEVmluvNojvtDvzHduZ+pX458q9THGbti8zEty6ydF7nxVFCRriONFm6w+PtcZhRT+eXMb21jzY6biII4BXdh91BmVZ96FyYROMnHS6zjfK7+oDbsVV8XWkZ11DiHa+9wySxQcc4fBd23xGYpo52p2fc=</Modulus><Exponent>AQAB</Exponent></RSAKeyValue></KeyValue></KeyInfo><Object Id="Sitecore.WFFM" xmlns="http://www.w3.org/2000/09/xmldsig#"><module xmlns=""><idref>20200809220524</idref><name>Sitecore.WFFM</name><count>1</count><expiration>20210830T000000</expiration><version>9</version><comment /><licenseagreement>?</licenseagreement></module></Object></Signature><Signature><SignedInfo xmlns="http://www.w3.org/2000/09/xmldsig#"><CanonicalizationMethod Algorithm="http://www.w3.org/TR/2001/REC-xml-c14n-20010315" /><SignatureMethod Algorithm="http://www.w3.org/2000/09/xmldsig#rsa-sha1" /><Reference URI="#Sitecore.MSCRM"><DigestMethod Algorithm="http://www.w3.org/2000/09/xmldsig#sha1" /><DigestValue>ZwBgiUJa5D/QP58zHdPsmZVubq4=</DigestValue></Reference></SignedInfo><SignatureValue xmlns="http://www.w3.org/2000/09/xmldsig#">tYFn5TmA+JpH+zZEGwXb5ciLsWc8ogT88ay1OZk7O0+Irc+P4A8RJjk2uAW8WIIpuVmSwcqS+nAJcSOmQ8A92fDTL0SJ9vAc0gXoFRSNx+5ds6X1k/0mwjDWZqzmSuXI77kwraY5A4sfdlXidltOA0OUniEtDKvuNh0D59LbGno=</SignatureValue><KeyInfo xmlns="http://www.w3.org/2000/09/xmldsig#"><KeyValue><RSAKeyValue><Modulus>wRSGFs73V0JMKVVRCX9pEVmluvNojvtDvzHduZ+pX458q9THGbti8zEty6ydF7nxVFCRriONFm6w+PtcZhRT+eXMb21jzY6biII4BXdh91BmVZ96FyYROMnHS6zjfK7+oDbsVV8XWkZ11DiHa+9wySxQcc4fBd23xGYpo52p2fc=</Modulus><Exponent>AQAB</Exponent></RSAKeyValue></KeyValue></KeyInfo><Object Id="Sitecore.MSCRM" xmlns="http://www.w3.org/2000/09/xmldsig#"><module xmlns=""><idref>20200809220524</idref><name>Sitecore.MSCRM</name><count>1</count><expiration>20210830T000000</expiration><version>9</version><comment /><licenseagreement>?</licenseagreement></module></Object></Signature><Signature><SignedInfo xmlns="http://www.w3.org/2000/09/xmldsig#"><CanonicalizationMethod Algorithm="http://www.w3.org/TR/2001/REC-xml-c14n-20010315" /><SignatureMethod Algorithm="http://www.w3.org/2000/09/xmldsig#rsa-sha1" /><Reference URI="#Sitecore.Visit"><DigestMethod Algorithm="http://www.w3.org/2000/09/xmldsig#sha1" /><DigestValue>dgkiP5luU3Ce4HbSoeJizFHH1vg=</DigestValue></Reference></SignedInfo><SignatureValue xmlns="http://www.w3.org/2000/09/xmldsig#">AadA5573Vqaq/3+KFScr769UMnJnrCol1D3xlSwTBQREbvlIpTevQLYjOnxgeU4zkzg0DUw+eLTn+M3uztfEyyj+6GMhovJZLLUAok/7h2nVW4viG8getT/Ng4Dvm6jbDKuEGxr6TF2PYFIQZKCF5CHztJWZFxnZX+WJB30kUiE=</SignatureValue><KeyInfo xmlns="http://www.w3.org/2000/09/xmldsig#"><KeyValue><RSAKeyValue><Modulus>wRSGFs73V0JMKVVRCX9pEVmluvNojvtDvzHduZ+pX458q9THGbti8zEty6ydF7nxVFCRriONFm6w+PtcZhRT+eXMb21jzY6biII4BXdh91BmVZ96FyYROMnHS6zjfK7+oDbsVV8XWkZ11DiHa+9wySxQcc4fBd23xGYpo52p2fc=</Modulus><Exponent>AQAB</Exponent></RSAKeyValue></KeyValue></KeyInfo><Object Id="Sitecore.Visit" xmlns="http://www.w3.org/2000/09/xmldsig#"><module xmlns=""><idref>20200809220524</idref><name>Sitecore.Visit</name><count>1</count><expiration>20210830T000000</expiration><version>9</version><comment /><licenseagreement>?</licenseagreement></module></Object></Signature><Signature><SignedInfo xmlns="http://www.w3.org/2000/09/xmldsig#"><CanonicalizationMethod Algorithm="http://www.w3.org/TR/2001/REC-xml-c14n-20010315" /><SignatureMethod Algorithm="http://www.w3.org/2000/09/xmldsig#rsa-sha1" /><Reference URI="#Sitecore.AnyMTA"><DigestMethod Algorithm="http://www.w3.org/2000/09/xmldsig#sha1" /><DigestValue>efrpW8eEO0Z6HumCf987oIwlb0E=</DigestValue></Reference></SignedInfo><SignatureValue xmlns="http://www.w3.org/2000/09/xmldsig#">BLNw2+vAFfrfkZuiV0PvFPXO89CD1+00xSXfoi/w/PDhrvVZoC8kIWUXHFRQyEEfoLIvZ4Rn0FFjRXCKfL07d3vdpgJpbTlILwCJgLrLJdav9VBfqt9XH65SGJLDQ1EqPdGaWkMrnhY/qPLa6Y+zDirMne+NCoFBOzFEbwlhkqo=</SignatureValue><KeyInfo xmlns="http://www.w3.org/2000/09/xmldsig#"><KeyValue><RSAKeyValue><Modulus>wRSGFs73V0JMKVVRCX9pEVmluvNojvtDvzHduZ+pX458q9THGbti8zEty6ydF7nxVFCRriONFm6w+PtcZhRT+eXMb21jzY6biII4BXdh91BmVZ96FyYROMnHS6zjfK7+oDbsVV8XWkZ11DiHa+9wySxQcc4fBd23xGYpo52p2fc=</Modulus><Exponent>AQAB</Exponent></RSAKeyValue></KeyValue></KeyInfo><Object Id="Sitecore.AnyMTA" xmlns="http://www.w3.org/2000/09/xmldsig#"><module xmlns=""><idref>20200809220524</idref><name>Sitecore.AnyMTA</name><count>1</count><expiration>20210830T000000</expiration><version>9</version><comment /><licenseagreement>?</licenseagreement></module></Object></Signature><Signature><SignedInfo xmlns="http://www.w3.org/2000/09/xmldsig#"><CanonicalizationMethod Algorithm="http://www.w3.org/TR/2001/REC-xml-c14n-20010315" /><SignatureMethod Algorithm="http://www.w3.org/2000/09/xmldsig#rsa-sha1" /><Reference URI="#Sitecore.Domain"><DigestMethod Algorithm="http://www.w3.org/2000/09/xmldsig#sha1" /><DigestValue>hLT1sdSs0enDXnTsJp3prPJgtLs=</DigestValue></Reference></SignedInfo><SignatureValue xmlns="http://www.w3.org/2000/09/xmldsig#">djkt3BHb0gOgTqXXwiof5AHZqXo0Lx02khGk+LzSJZDcOHlGbOAp4klXHrFZi7FL+A+zJq/6zMnKTD9n44qNdFosUu23xGtU54qIu7NwwC5FT57dbJ5wK+ider42gsaSobWc6bOCDQb6iOgGFhMCFKOkL/MOxRtDGmXRi8YrktY=</SignatureValue><KeyInfo xmlns="http://www.w3.org/2000/09/xmldsig#"><KeyValue><RSAKeyValue><Modulus>wRSGFs73V0JMKVVRCX9pEVmluvNojvtDvzHduZ+pX458q9THGbti8zEty6ydF7nxVFCRriONFm6w+PtcZhRT+eXMb21jzY6biII4BXdh91BmVZ96FyYROMnHS6zjfK7+oDbsVV8XWkZ11DiHa+9wySxQcc4fBd23xGYpo52p2fc=</Modulus><Exponent>AQAB</Exponent></RSAKeyValue></KeyValue></KeyInfo><Object Id="Sitecore.Domain" xmlns="http://www.w3.org/2000/09/xmldsig#"><module xmlns=""><idref>20200809220524</idref><name>Sitecore.Domain</name><count>10000</count><expiration>20210830T000000</expiration><version>9</version><comment /><licenseagreement>?</licenseagreement></module></Object></Signature><Signature><SignedInfo xmlns="http://www.w3.org/2000/09/xmldsig#"><CanonicalizationMethod Algorithm="http://www.w3.org/TR/2001/REC-xml-c14n-20010315" /><SignatureMethod Algorithm="http://www.w3.org/2000/09/xmldsig#rsa-sha1" /><Reference URI="#Sitecore.Oracle"><DigestMethod Algorithm="http://www.w3.org/2000/09/xmldsig#sha1" /><DigestValue>TfqFUDpa6yX3lr70LUN3oUCBXtM=</DigestValue></Reference></SignedInfo><SignatureValue xmlns="http://www.w3.org/2000/09/xmldsig#">aB/w/eOHgEzzKPjoCRgLFkx5ekMF3FdPBtbo4ziIhDo/o64Yk7mGmvSLGrpwiaTIDo1gmy7QoWXjw2OMOvngVkf3Fa44zbOg5xA5q7tsFnN953ZcIvKEiepwvvLF7WKcQ7w7e6NmLEvpkoU2iwBmuM+jlIijnkwKZEGkzUS7ZV4=</SignatureValue><KeyInfo xmlns="http://www.w3.org/2000/09/xmldsig#"><KeyValue><RSAKeyValue><Modulus>wRSGFs73V0JMKVVRCX9pEVmluvNojvtDvzHduZ+pX458q9THGbti8zEty6ydF7nxVFCRriONFm6w+PtcZhRT+eXMb21jzY6biII4BXdh91BmVZ96FyYROMnHS6zjfK7+oDbsVV8XWkZ11DiHa+9wySxQcc4fBd23xGYpo52p2fc=</Modulus><Exponent>AQAB</Exponent></RSAKeyValue></KeyValue></KeyInfo><Object Id="Sitecore.Oracle" xmlns="http://www.w3.org/2000/09/xmldsig#"><module xmlns=""><idref>20200809220524</idref><name>Sitecore.Oracle</name><count>1</count><expiration>20210830T000000</expiration><version>9</version><comment /><licenseagreement>?</licenseagreement></module></Object></Signature><Signature><SignedInfo xmlns="http://www.w3.org/2000/09/xmldsig#"><CanonicalizationMethod Algorithm="http://www.w3.org/TR/2001/REC-xml-c14n-20010315" /><SignatureMethod Algorithm="http://www.w3.org/2000/09/xmldsig#rsa-sha1" /><Reference URI="#Sitecore.MSS.SMS"><DigestMethod Algorithm="http://www.w3.org/2000/09/xmldsig#sha1" /><DigestValue>e2H4nHLO0GwtONwNx55lTR9uNjg=</DigestValue></Reference></SignedInfo><SignatureValue xmlns="http://www.w3.org/2000/09/xmldsig#">hvSmAqMyDR7ubtcjFB477P5ooNArLON0k9V9jZWDnFrfKLMMD0fPITXns+mU2Jo1Lzf2x8rHSeXTabipZdaKz5GEK1y+O+CyxhVPg5+H5fZP0SLC1ZetlBBEFXpoWQO9sd+vGotfnRtxu7nxekWPXGOFhuaywUm7lFDcU8+eOAM=</SignatureValue><KeyInfo xmlns="http://www.w3.org/2000/09/xmldsig#"><KeyValue><RSAKeyValue><Modulus>wRSGFs73V0JMKVVRCX9pEVmluvNojvtDvzHduZ+pX458q9THGbti8zEty6ydF7nxVFCRriONFm6w+PtcZhRT+eXMb21jzY6biII4BXdh91BmVZ96FyYROMnHS6zjfK7+oDbsVV8XWkZ11DiHa+9wySxQcc4fBd23xGYpo52p2fc=</Modulus><Exponent>AQAB</Exponent></RSAKeyValue></KeyValue></KeyInfo><Object Id="Sitecore.MSS.SMS" xmlns="http://www.w3.org/2000/09/xmldsig#"><module xmlns=""><idref>20200809220524</idref><name>Sitecore.MSS.SMS</name><count>1</count><expiration>20210830T000000</expiration><version>9</version><comment /><licenseagreement>?</licenseagreement></module></Object></Signature><Signature><SignedInfo xmlns="http://www.w3.org/2000/09/xmldsig#"><CanonicalizationMethod Algorithm="http://www.w3.org/TR/2001/REC-xml-c14n-20010315" /><SignatureMethod Algorithm="http://www.w3.org/2000/09/xmldsig#rsa-sha1" /><Reference URI="#SiteCore.Runtime"><DigestMethod Algorithm="http://www.w3.org/2000/09/xmldsig#sha1" /><DigestValue>5QE2dVa9h2yh9nF6bJL5LkCziQw=</DigestValue></Reference></SignedInfo><SignatureValue xmlns="http://www.w3.org/2000/09/xmldsig#">CNymWBk3J11Tx+QLWOtjjlhy7/uB3RMPWofMf5acXXGUe5KKeJn3yMqstKEjhnK/avVOMQYCkwvjnx2DodLYZgj/KaQH8t6dJgbg0h1QNoUzelDHTGBB+HjI7k5fJ5H4sRmO/JlEBgcnAN0o6A74TXHYTPdnmf2s0RbbNyoPsaU=</SignatureValue><KeyInfo xmlns="http://www.w3.org/2000/09/xmldsig#"><KeyValue><RSAKeyValue><Modulus>wRSGFs73V0JMKVVRCX9pEVmluvNojvtDvzHduZ+pX458q9THGbti8zEty6ydF7nxVFCRriONFm6w+PtcZhRT+eXMb21jzY6biII4BXdh91BmVZ96FyYROMnHS6zjfK7+oDbsVV8XWkZ11DiHa+9wySxQcc4fBd23xGYpo52p2fc=</Modulus><Exponent>AQAB</Exponent></RSAKeyValue></KeyValue></KeyInfo><Object Id="SiteCore.Runtime" xmlns="http://www.w3.org/2000/09/xmldsig#"><module xmlns=""><idref>20200809220524</idref><name>SiteCore.Runtime</name><count>1</count><expiration>20210830T000000</expiration><version>9</version><comment /><licenseagreement>?</licenseagreement></module></Object></Signature><Signature><SignedInfo xmlns="http://www.w3.org/2000/09/xmldsig#"><CanonicalizationMethod Algorithm="http://www.w3.org/TR/2001/REC-xml-c14n-20010315" /><SignatureMethod Algorithm="http://www.w3.org/2000/09/xmldsig#rsa-sha1" /><Reference URI="#Sitecore.Calendar"><DigestMethod Algorithm="http://www.w3.org/2000/09/xmldsig#sha1" /><DigestValue>7RhsnIv51gNR06UwZULc/uxFapA=</DigestValue></Reference></SignedInfo><SignatureValue xmlns="http://www.w3.org/2000/09/xmldsig#">iJ+P1/TpGC455y1R1CVEOr6CxdRdXUz6OeNTqL9O+ScpFay4xacy87I9hLewLQ0V0QmDUIwM3tBcNT5guqDJdfj5VY1ekBfAC88+UyCTDbbWIuCye14C0aXp2tI1BGwx7Fcyvy2oq1QgIeQIlT//YlgGrJq0nQf9nPFfCKoGZAY=</SignatureValue><KeyInfo xmlns="http://www.w3.org/2000/09/xmldsig#"><KeyValue><RSAKeyValue><Modulus>wRSGFs73V0JMKVVRCX9pEVmluvNojvtDvzHduZ+pX458q9THGbti8zEty6ydF7nxVFCRriONFm6w+PtcZhRT+eXMb21jzY6biII4BXdh91BmVZ96FyYROMnHS6zjfK7+oDbsVV8XWkZ11DiHa+9wySxQcc4fBd23xGYpo52p2fc=</Modulus><Exponent>AQAB</Exponent></RSAKeyValue></KeyValue></KeyInfo><Object Id="Sitecore.Calendar" xmlns="http://www.w3.org/2000/09/xmldsig#"><module xmlns=""><idref>20200809220524</idref><name>Sitecore.Calendar</name><count>1</count><expiration>20210830T000000</expiration><version>9</version><comment /><licenseagreement>?</licenseagreement></module></Object></Signature><Signature><SignedInfo xmlns="http://www.w3.org/2000/09/xmldsig#"><CanonicalizationMethod Algorithm="http://www.w3.org/TR/2001/REC-xml-c14n-20010315" /><SignatureMethod Algorithm="http://www.w3.org/2000/09/xmldsig#rsa-sha1" /><Reference URI="#SiteCore.dtSearch"><DigestMethod Algorithm="http://www.w3.org/2000/09/xmldsig#sha1" /><DigestValue>sgkC2kY4zaXFbQapIkKVxfFuw1o=</DigestValue></Reference></SignedInfo><SignatureValue xmlns="http://www.w3.org/2000/09/xmldsig#">gnYoU+6neYSwfwUczriBu65WroCFFGRS9fSAMLnUmVrZ+LDzHO4J87pfBooD5bU/56+W7C5roXZBpfNc3dWbVKL2imn6WdZF37QwqYvG2AMi0QCxMQ6RlHRAsRtdXs0+uR8397Nk+QuZOMrepNjp916mqTPlCZQz/M7JyB/FB0U=</SignatureValue><KeyInfo xmlns="http://www.w3.org/2000/09/xmldsig#"><KeyValue><RSAKeyValue><Modulus>wRSGFs73V0JMKVVRCX9pEVmluvNojvtDvzHduZ+pX458q9THGbti8zEty6ydF7nxVFCRriONFm6w+PtcZhRT+eXMb21jzY6biII4BXdh91BmVZ96FyYROMnHS6zjfK7+oDbsVV8XWkZ11DiHa+9wySxQcc4fBd23xGYpo52p2fc=</Modulus><Exponent>AQAB</Exponent></RSAKeyValue></KeyValue></KeyInfo><Object Id="SiteCore.dtSearch" xmlns="http://www.w3.org/2000/09/xmldsig#"><module xmlns=""><idref>20200809220524</idref><name>SiteCore.dtSearch</name><count>1</count><expiration>20210830T000000</expiration><version>9</version><comment /><licenseagreement>?</licenseagreement></module></Object></Signature><Signature><SignedInfo xmlns="http://www.w3.org/2000/09/xmldsig#"><CanonicalizationMethod Algorithm="http://www.w3.org/TR/2001/REC-xml-c14n-20010315" /><SignatureMethod Algorithm="http://www.w3.org/2000/09/xmldsig#rsa-sha1" /><Reference URI="#Sitecore.Intranet"><DigestMethod Algorithm="http://www.w3.org/2000/09/xmldsig#sha1" /><DigestValue>AIQUAlQinDs2P4MU7U5t1R6LBS4=</DigestValue></Reference></SignedInfo><SignatureValue xmlns="http://www.w3.org/2000/09/xmldsig#">Trjk3uroRlaOJrW9WcleBWsWusBkG1tl03fWxxV8ahARVxwdQxPvoCsCRoltD4zHEW03PTC/LvYed1dL17twEEsv1eZ/vnNtqPNqh51WfV6hbyKcsmT3XcdJHOMgOF3+zxrEKcGT4Yn9E9/GnzLNm2uiZXzkZACLvdqjKgC1io4=</SignatureValue><KeyInfo xmlns="http://www.w3.org/2000/09/xmldsig#"><KeyValue><RSAKeyValue><Modulus>wRSGFs73V0JMKVVRCX9pEVmluvNojvtDvzHduZ+pX458q9THGbti8zEty6ydF7nxVFCRriONFm6w+PtcZhRT+eXMb21jzY6biII4BXdh91BmVZ96FyYROMnHS6zjfK7+oDbsVV8XWkZ11DiHa+9wySxQcc4fBd23xGYpo52p2fc=</Modulus><Exponent>AQAB</Exponent></RSAKeyValue></KeyValue></KeyInfo><Object Id="Sitecore.Intranet" xmlns="http://www.w3.org/2000/09/xmldsig#"><module xmlns=""><idref>20200809220524</idref><name>Sitecore.Intranet</name><count>1</count><expiration>20210830T000000</expiration><version>9</version><comment /><licenseagreement>?</licenseagreement></module></Object></Signature><Signature><SignedInfo xmlns="http://www.w3.org/2000/09/xmldsig#"><CanonicalizationMethod Algorithm="http://www.w3.org/TR/2001/REC-xml-c14n-20010315" /><SignatureMethod Algorithm="http://www.w3.org/2000/09/xmldsig#rsa-sha1" /><Reference URI="#Sitecore.MSS.News"><DigestMethod Algorithm="http://www.w3.org/2000/09/xmldsig#sha1" /><DigestValue>pz86tiJ+w9o5jLk3O8dZeWLUdH0=</DigestValue></Reference></SignedInfo><SignatureValue xmlns="http://www.w3.org/2000/09/xmldsig#">vcILIPP1NIisyAli/w5ozzB18crSXpwYqJj1IBnnCB3s+iwkBptHI3AUgou6HHBbfolJl00qq2n9islSPmzuRKkyCM7OSexvaCOsWJz9MMyc4JP3dnzMSSGDQdrFIuyxCsolNQMlcDNq+7ybW42CDJ4dsFgII3rUqvW+SyBA6cc=</SignatureValue><KeyInfo xmlns="http://www.w3.org/2000/09/xmldsig#"><KeyValue><RSAKeyValue><Modulus>wRSGFs73V0JMKVVRCX9pEVmluvNojvtDvzHduZ+pX458q9THGbti8zEty6ydF7nxVFCRriONFm6w+PtcZhRT+eXMb21jzY6biII4BXdh91BmVZ96FyYROMnHS6zjfK7+oDbsVV8XWkZ11DiHa+9wySxQcc4fBd23xGYpo52p2fc=</Modulus><Exponent>AQAB</Exponent></RSAKeyValue></KeyValue></KeyInfo><Object Id="Sitecore.MSS.News" xmlns="http://www.w3.org/2000/09/xmldsig#"><module xmlns=""><idref>20200809220524</idref><name>Sitecore.MSS.News</name><count>1</count><expiration>20210830T000000</expiration><version>9</version><comment /><licenseagreement>?</licenseagreement></module></Object></Signature><Signature><SignedInfo xmlns="http://www.w3.org/2000/09/xmldsig#"><CanonicalizationMethod Algorithm="http://www.w3.org/TR/2001/REC-xml-c14n-20010315" /><SignatureMethod Algorithm="http://www.w3.org/2000/09/xmldsig#rsa-sha1" /><Reference URI="#Sitecore.SiteUser"><DigestMethod Algorithm="http://www.w3.org/2000/09/xmldsig#sha1" /><DigestValue>yL5/oYuc1/NIWVnc1dgG6T5AS5E=</DigestValue></Reference></SignedInfo><SignatureValue xmlns="http://www.w3.org/2000/09/xmldsig#">To2/JfwIqcx3bUVlF3QMbMKUFdanygQ5Ew1nE2xTq3XqiymCJCvmvEwLzrqOJlFtyijx12w1WW4qBa2Qqj2jRsP6fMYqwc03w1aHqy5E3dEc5nA2LAg2z+atwq/p74G4SUE35PvWsA0DP1qGhYjveokB0xzIHNAhNEo3Wh4fCUQ=</SignatureValue><KeyInfo xmlns="http://www.w3.org/2000/09/xmldsig#"><KeyValue><RSAKeyValue><Modulus>wRSGFs73V0JMKVVRCX9pEVmluvNojvtDvzHduZ+pX458q9THGbti8zEty6ydF7nxVFCRriONFm6w+PtcZhRT+eXMb21jzY6biII4BXdh91BmVZ96FyYROMnHS6zjfK7+oDbsVV8XWkZ11DiHa+9wySxQcc4fBd23xGYpo52p2fc=</Modulus><Exponent>AQAB</Exponent></RSAKeyValue></KeyValue></KeyInfo><Object Id="Sitecore.SiteUser" xmlns="http://www.w3.org/2000/09/xmldsig#"><module xmlns=""><idref>20200809220524</idref><name>Sitecore.SiteUser</name><count>1000</count><expiration>20210830T000000</expiration><version>9</version><comment /><licenseagreement>?</licenseagreement></module></Object></Signature><Signature><SignedInfo xmlns="http://www.w3.org/2000/09/xmldsig#"><CanonicalizationMethod Algorithm="http://www.w3.org/TR/2001/REC-xml-c14n-20010315" /><SignatureMethod Algorithm="http://www.w3.org/2000/09/xmldsig#rsa-sha1" /><Reference URI="#Sitecore.xDB.Base"><DigestMethod Algorithm="http://www.w3.org/2000/09/xmldsig#sha1" /><DigestValue>03KVnTrey3QIZAq+FiuSxS8H670=</DigestValue></Reference></SignedInfo><SignatureValue xmlns="http://www.w3.org/2000/09/xmldsig#">q21q6T30EsSP39keC45ZVtz5ytnkUAgRQ2YjX2q7DNqBwb9FI8BSA5sS2zEFTuTLWL24XFPIb6C4/dVS+Q/cMqrYNq20cjHi1f4yC2jDMwp9OMCvidLrHDu4rCnADqO9BtqTKdyBBbLm9Nqe7diUryQ2kckE5IwVc6jlDCoGduc=</SignatureValue><KeyInfo xmlns="http://www.w3.org/2000/09/xmldsig#"><KeyValue><RSAKeyValue><Modulus>wRSGFs73V0JMKVVRCX9pEVmluvNojvtDvzHduZ+pX458q9THGbti8zEty6ydF7nxVFCRriONFm6w+PtcZhRT+eXMb21jzY6biII4BXdh91BmVZ96FyYROMnHS6zjfK7+oDbsVV8XWkZ11DiHa+9wySxQcc4fBd23xGYpo52p2fc=</Modulus><Exponent>AQAB</Exponent></RSAKeyValue></KeyValue></KeyInfo><Object Id="Sitecore.xDB.Base" xmlns="http://www.w3.org/2000/09/xmldsig#"><module xmlns=""><idref>20200809220524</idref><name>Sitecore.xDB.Base</name><count>1</count><expiration>20210830T000000</expiration><version>9</version><comment /><licenseagreement>?</licenseagreement></module></Object></Signature><Signature><SignedInfo xmlns="http://www.w3.org/2000/09/xmldsig#"><CanonicalizationMethod Algorithm="http://www.w3.org/TR/2001/REC-xml-c14n-20010315" /><SignatureMethod Algorithm="http://www.w3.org/2000/09/xmldsig#rsa-sha1" /><Reference URI="#SiteCore.Developer"><DigestMethod Algorithm="http://www.w3.org/2000/09/xmldsig#sha1" /><DigestValue>OZ+bmPB8AoAmF3AT21OwLNU0ndg=</DigestValue></Reference></SignedInfo><SignatureValue xmlns="http://www.w3.org/2000/09/xmldsig#">T6sLjA5OuS7EswVh02oH75p7mELuk8s6Qmd3CghUUohvCvxSA/x8CRbc8AudbDTqfR+uakKHASvnXwVebLh6CxKojQ0+av0Lw7L9WK/gE9bkJqkhhx9kGZtoCUlw1uMCtdxi8FhM5VledCXI0ssaAm5fEXyHAyhmZd0b2TsX4qE=</SignatureValue><KeyInfo xmlns="http://www.w3.org/2000/09/xmldsig#"><KeyValue><RSAKeyValue><Modulus>wRSGFs73V0JMKVVRCX9pEVmluvNojvtDvzHduZ+pX458q9THGbti8zEty6ydF7nxVFCRriONFm6w+PtcZhRT+eXMb21jzY6biII4BXdh91BmVZ96FyYROMnHS6zjfK7+oDbsVV8XWkZ11DiHa+9wySxQcc4fBd23xGYpo52p2fc=</Modulus><Exponent>AQAB</Exponent></RSAKeyValue></KeyValue></KeyInfo><Object Id="SiteCore.Developer" xmlns="http://www.w3.org/2000/09/xmldsig#"><module xmlns=""><idref>20200809220524</idref><name>SiteCore.Developer</name><count>10000</count><expiration>20210830T000000</expiration><version>9</version><comment /><licenseagreement>?</licenseagreement></module></Object></Signature><Signature><SignedInfo xmlns="http://www.w3.org/2000/09/xmldsig#"><CanonicalizationMethod Algorithm="http://www.w3.org/TR/2001/REC-xml-c14n-20010315" /><SignatureMethod Algorithm="http://www.w3.org/2000/09/xmldsig#rsa-sha1" /><Reference URI="#Sitecore.Ecommerce"><DigestMethod Algorithm="http://www.w3.org/2000/09/xmldsig#sha1" /><DigestValue>QJ3AH3pu1vzXteiBMQW0vUrkA68=</DigestValue></Reference></SignedInfo><SignatureValue xmlns="http://www.w3.org/2000/09/xmldsig#">akh4kEdeQQZtV+971TlY4DrVScHQ6Vl3ScG9UoRroX0WTIeT1DXkns+rk9HMGWtctUFUl77xFuTdYuxbLx6eL2Wkxp/Ewfobpo/PTURUmX/sM0I+w8aeWkBWOdqHfaPFhcysDHzuuqGckG3eOJwawtYc8iRXA3L2RG+yt/yf4p8=</SignatureValue><KeyInfo xmlns="http://www.w3.org/2000/09/xmldsig#"><KeyValue><RSAKeyValue><Modulus>wRSGFs73V0JMKVVRCX9pEVmluvNojvtDvzHduZ+pX458q9THGbti8zEty6ydF7nxVFCRriONFm6w+PtcZhRT+eXMb21jzY6biII4BXdh91BmVZ96FyYROMnHS6zjfK7+oDbsVV8XWkZ11DiHa+9wySxQcc4fBd23xGYpo52p2fc=</Modulus><Exponent>AQAB</Exponent></RSAKeyValue></KeyValue></KeyInfo><Object Id="Sitecore.Ecommerce" xmlns="http://www.w3.org/2000/09/xmldsig#"><module xmlns=""><idref>20200809220524</idref><name>Sitecore.Ecommerce</name><count>1</count><expiration>20210830T000000</expiration><version>9</version><comment /><licenseagreement>?</licenseagreement></module></Object></Signature><Signature><SignedInfo xmlns="http://www.w3.org/2000/09/xmldsig#"><CanonicalizationMethod Algorithm="http://www.w3.org/TR/2001/REC-xml-c14n-20010315" /><SignatureMethod Algorithm="http://www.w3.org/2000/09/xmldsig#rsa-sha1" /><Reference URI="#Sitecore.MSS.Sites"><DigestMethod Algorithm="http://www.w3.org/2000/09/xmldsig#sha1" /><DigestValue>f/XNw2D4FtoUu0IFr85ZgS2unzY=</DigestValue></Reference></SignedInfo><SignatureValue xmlns="http://www.w3.org/2000/09/xmldsig#">VrTxVCQOta5rboCpU8ZSJJbWIqxqnFvCKI9vsPQ8Hz31N1pzYaYJGHvzFaO6XkC4FWcysySn5LMK2Kn4VUkLi9tlbXXsjVpE4tHngBkeJGbh6mjy8bP3lB//OgV40dWYmQWOb4jb4yQsYxqBgngtei+5zMZNHgZj09qqpWl8IXM=</SignatureValue><KeyInfo xmlns="http://www.w3.org/2000/09/xmldsig#"><KeyValue><RSAKeyValue><Modulus>wRSGFs73V0JMKVVRCX9pEVmluvNojvtDvzHduZ+pX458q9THGbti8zEty6ydF7nxVFCRriONFm6w+PtcZhRT+eXMb21jzY6biII4BXdh91BmVZ96FyYROMnHS6zjfK7+oDbsVV8XWkZ11DiHa+9wySxQcc4fBd23xGYpo52p2fc=</Modulus><Exponent>AQAB</Exponent></RSAKeyValue></KeyValue></KeyInfo><Object Id="Sitecore.MSS.Sites" xmlns="http://www.w3.org/2000/09/xmldsig#"><module xmlns=""><idref>20200809220524</idref><name>Sitecore.MSS.Sites</name><count>10000</count><expiration>20210830T000000</expiration><version>9</version><comment /><licenseagreement>?</licenseagreement></module></Object></Signature><Signature><SignedInfo xmlns="http://www.w3.org/2000/09/xmldsig#"><CanonicalizationMethod Algorithm="http://www.w3.org/TR/2001/REC-xml-c14n-20010315" /><SignatureMethod Algorithm="http://www.w3.org/2000/09/xmldsig#rsa-sha1" /><Reference URI="#Sitecore.Automation"><DigestMethod Algorithm="http://www.w3.org/2000/09/xmldsig#sha1" /><DigestValue>7+14XfSeNETKKKrcICLxlmEbBmQ=</DigestValue></Reference></SignedInfo><SignatureValue xmlns="http://www.w3.org/2000/09/xmldsig#">ZFluaKs/w09F4TrJIKAk8KwNcugu7/w/yVWUvRkxUVPrrl/vwKr7vkH0mGXlfTTD7NmlfY89hbi1ftP4Idg3HOFpRmYZEbT8L02G4eD1OOSh2YPhb2/uXZ4PSnMofooUpXsxmHI7t+UIK9NH+ajJNUzPBu1jiBhiaFQF12d7fIs=</SignatureValue><KeyInfo xmlns="http://www.w3.org/2000/09/xmldsig#"><KeyValue><RSAKeyValue><Modulus>wRSGFs73V0JMKVVRCX9pEVmluvNojvtDvzHduZ+pX458q9THGbti8zEty6ydF7nxVFCRriONFm6w+PtcZhRT+eXMb21jzY6biII4BXdh91BmVZ96FyYROMnHS6zjfK7+oDbsVV8XWkZ11DiHa+9wySxQcc4fBd23xGYpo52p2fc=</Modulus><Exponent>AQAB</Exponent></RSAKeyValue></KeyValue></KeyInfo><Object Id="Sitecore.Automation" xmlns="http://www.w3.org/2000/09/xmldsig#"><module xmlns=""><idref>20200809220524</idref><name>Sitecore.Automation</name><count>1</count><expiration>20210830T000000</expiration><version>9</version><comment /><licenseagreement>?</licenseagreement></module></Object></Signature><Signature><SignedInfo xmlns="http://www.w3.org/2000/09/xmldsig#"><CanonicalizationMethod Algorithm="http://www.w3.org/TR/2001/REC-xml-c14n-20010315" /><SignatureMethod Algorithm="http://www.w3.org/2000/09/xmldsig#rsa-sha1" /><Reference URI="#SiteCore.EditorUser"><DigestMethod Algorithm="http://www.w3.org/2000/09/xmldsig#sha1" /><DigestValue>vSdQqc4tH7+2vUQmyrBe6cKxK9w=</DigestValue></Reference></SignedInfo><SignatureValue xmlns="http://www.w3.org/2000/09/xmldsig#">JpjpT4Hs5rtfCAiPYcc35YhleeEyX9ZmDWbLuJWPquRxhArwBFKQf4HUlz3TPxmFWBHnEUB+BAUM0+JzP9KMjg8kFhAzX8j6dI6+Nxmh1B8pJ0IkyReABesxEXratQualQVr4CtdrqMzSf9whOKxtw8CfssONeDh7BNIZbs+UNU=</SignatureValue><KeyInfo xmlns="http://www.w3.org/2000/09/xmldsig#"><KeyValue><RSAKeyValue><Modulus>wRSGFs73V0JMKVVRCX9pEVmluvNojvtDvzHduZ+pX458q9THGbti8zEty6ydF7nxVFCRriONFm6w+PtcZhRT+eXMb21jzY6biII4BXdh91BmVZ96FyYROMnHS6zjfK7+oDbsVV8XWkZ11DiHa+9wySxQcc4fBd23xGYpo52p2fc=</Modulus><Exponent>AQAB</Exponent></RSAKeyValue></KeyValue></KeyInfo><Object Id="SiteCore.EditorUser" xmlns="http://www.w3.org/2000/09/xmldsig#"><module xmlns=""><idref>20200809220524</idref><name>SiteCore.EditorUser</name><count>10000</count><expiration>20210830T000000</expiration><version>9</version><comment /><licenseagreement>?</licenseagreement></module></Object></Signature><Signature><SignedInfo xmlns="http://www.w3.org/2000/09/xmldsig#"><CanonicalizationMethod Algorithm="http://www.w3.org/TR/2001/REC-xml-c14n-20010315" /><SignatureMethod Algorithm="http://www.w3.org/2000/09/xmldsig#rsa-sha1" /><Reference URI="#Sitecore.Print.User"><DigestMethod Algorithm="http://www.w3.org/2000/09/xmldsig#sha1" /><DigestValue>LJBJLau4R0od2rDMoCxKSraVqic=</DigestValue></Reference></SignedInfo><SignatureValue xmlns="http://www.w3.org/2000/09/xmldsig#">WIvf9ItL2cnynB6cyiOnMU+gCUfUleM1tYjnA+JChLh9tk0FCYKH072PnxV15HmGQrxCY3Vua9ByMv2RhPm6qM3THcQFONS4bqHbRIr7+osJrdL7ymstR9E9kfjZ7WBehCnoA/23Z3w9ickdzhuHBvc3hZ14R34J/s9Cd5pj6mQ=</SignatureValue><KeyInfo xmlns="http://www.w3.org/2000/09/xmldsig#"><KeyValue><RSAKeyValue><Modulus>wRSGFs73V0JMKVVRCX9pEVmluvNojvtDvzHduZ+pX458q9THGbti8zEty6ydF7nxVFCRriONFm6w+PtcZhRT+eXMb21jzY6biII4BXdh91BmVZ96FyYROMnHS6zjfK7+oDbsVV8XWkZ11DiHa+9wySxQcc4fBd23xGYpo52p2fc=</Modulus><Exponent>AQAB</Exponent></RSAKeyValue></KeyValue></KeyInfo><Object Id="Sitecore.Print.User" xmlns="http://www.w3.org/2000/09/xmldsig#"><module xmlns=""><idref>20200809220524</idref><name>Sitecore.Print.User</name><count>1</count><expiration>20210830T000000</expiration><version>9</version><comment /><licenseagreement>?</licenseagreement></module></Object></Signature><Signature><SignedInfo xmlns="http://www.w3.org/2000/09/xmldsig#"><CanonicalizationMethod Algorithm="http://www.w3.org/TR/2001/REC-xml-c14n-20010315" /><SignatureMethod Algorithm="http://www.w3.org/2000/09/xmldsig#rsa-sha1" /><Reference URI="#Sitecore.Sharepoint"><DigestMethod Algorithm="http://www.w3.org/2000/09/xmldsig#sha1" /><DigestValue>ikOFLign5Gpzb7erxN+WhwbcXIw=</DigestValue></Reference></SignedInfo><SignatureValue xmlns="http://www.w3.org/2000/09/xmldsig#">qknFCyBticG+XXKY9iR5xMR6VYfQRZVDhkpLHhriyfJKMTsS+doQ1qBGgttZ0VsTij0rk1aVjQ2L112xWCrJNDoVNQo5GPTsDuCqHCWPMGuvd0my7p629xkuxfJhnEjg5AEpPuGaDmshCVJFdgPQLWtO3jqp81+cm0uNfAlSSDQ=</SignatureValue><KeyInfo xmlns="http://www.w3.org/2000/09/xmldsig#"><KeyValue><RSAKeyValue><Modulus>wRSGFs73V0JMKVVRCX9pEVmluvNojvtDvzHduZ+pX458q9THGbti8zEty6ydF7nxVFCRriONFm6w+PtcZhRT+eXMb21jzY6biII4BXdh91BmVZ96FyYROMnHS6zjfK7+oDbsVV8XWkZ11DiHa+9wySxQcc4fBd23xGYpo52p2fc=</Modulus><Exponent>AQAB</Exponent></RSAKeyValue></KeyValue></KeyInfo><Object Id="Sitecore.Sharepoint" xmlns="http://www.w3.org/2000/09/xmldsig#"><module xmlns=""><idref>20200809220524</idref><name>Sitecore.Sharepoint</name><count>1</count><expiration>20210830T000000</expiration><version>9</version><comment /><licenseagreement>?</licenseagreement></module></Object></Signature><Signature><SignedInfo xmlns="http://www.w3.org/2000/09/xmldsig#"><CanonicalizationMethod Algorithm="http://www.w3.org/TR/2001/REC-xml-c14n-20010315" /><SignatureMethod Algorithm="http://www.w3.org/2000/09/xmldsig#rsa-sha1" /><Reference URI="#Sitecore.EI.Datamart"><DigestMethod Algorithm="http://www.w3.org/2000/09/xmldsig#sha1" /><DigestValue>TGMhYhLToA2pA5W/wCijklbU4KQ=</DigestValue></Reference></SignedInfo><SignatureValue xmlns="http://www.w3.org/2000/09/xmldsig#">dsDBxPbV4gFlPlQmye93A+Y+LMrnc6NPBlnsP+kAT62hnRRy781S8HirPOdYZyaGjFn+MoIcM8WIXHx2yk3Yc/53CBPVfyUd5fPAKw3LMuVvVXIdSqFVWNU9gv60tjqxW0EVkh2+LQA8s5Xy5sL7QR5/YiD1xTfk8P8XVTMjY/E=</SignatureValue><KeyInfo xmlns="http://www.w3.org/2000/09/xmldsig#"><KeyValue><RSAKeyValue><Modulus>wRSGFs73V0JMKVVRCX9pEVmluvNojvtDvzHduZ+pX458q9THGbti8zEty6ydF7nxVFCRriONFm6w+PtcZhRT+eXMb21jzY6biII4BXdh91BmVZ96FyYROMnHS6zjfK7+oDbsVV8XWkZ11DiHa+9wySxQcc4fBd23xGYpo52p2fc=</Modulus><Exponent>AQAB</Exponent></RSAKeyValue></KeyValue></KeyInfo><Object Id="Sitecore.EI.Datamart" xmlns="http://www.w3.org/2000/09/xmldsig#"><module xmlns=""><idref>20200809220524</idref><name>Sitecore.EI.Datamart</name><count>1</count><expiration>20210830T000000</expiration><version>9</version><comment /><licenseagreement>?</licenseagreement></module></Object></Signature><Signature><SignedInfo xmlns="http://www.w3.org/2000/09/xmldsig#"><CanonicalizationMethod Algorithm="http://www.w3.org/TR/2001/REC-xml-c14n-20010315" /><SignatureMethod Algorithm="http://www.w3.org/2000/09/xmldsig#rsa-sha1" /><Reference URI="#Sitecore.MSS.Runtime"><DigestMethod Algorithm="http://www.w3.org/2000/09/xmldsig#sha1" /><DigestValue>hwhzp0HfC/6H7bmwrGJGnn9cKEQ=</DigestValue></Reference></SignedInfo><SignatureValue xmlns="http://www.w3.org/2000/09/xmldsig#">nQo6dyADVfiJ4wwStKVMKEa25NsuS7vehAT8J0S6Z2mZHtJ++6qR1AjI9hlwlaUQNBL4BInkw1MFfrPkeMcVQJy39Qp96J9vLrPFJrNQq9XnAi6JYUEBi57EETShJw/4/jqmc6thqdxjrs49j67kJ2nJ/cyj2c1FkSkD2ZITHq4=</SignatureValue><KeyInfo xmlns="http://www.w3.org/2000/09/xmldsig#"><KeyValue><RSAKeyValue><Modulus>wRSGFs73V0JMKVVRCX9pEVmluvNojvtDvzHduZ+pX458q9THGbti8zEty6ydF7nxVFCRriONFm6w+PtcZhRT+eXMb21jzY6biII4BXdh91BmVZ96FyYROMnHS6zjfK7+oDbsVV8XWkZ11DiHa+9wySxQcc4fBd23xGYpo52p2fc=</Modulus><Exponent>AQAB</Exponent></RSAKeyValue></KeyValue></KeyInfo><Object Id="Sitecore.MSS.Runtime" xmlns="http://www.w3.org/2000/09/xmldsig#"><module xmlns=""><idref>20200809220524</idref><name>Sitecore.MSS.Runtime</name><count>1</count><expiration>20210830T000000</expiration><version>9</version><comment /><licenseagreement>?</licenseagreement></module></Object></Signature><Signature><SignedInfo xmlns="http://www.w3.org/2000/09/xmldsig#"><CanonicalizationMethod Algorithm="http://www.w3.org/TR/2001/REC-xml-c14n-20010315" /><SignatureMethod Algorithm="http://www.w3.org/2000/09/xmldsig#rsa-sha1" /><Reference URI="#SiteCore.SQLConnector"><DigestMethod Algorithm="http://www.w3.org/2000/09/xmldsig#sha1" /><DigestValue>UhT7I3sgdLFcmteod8WC1ozKX5I=</DigestValue></Reference></SignedInfo><SignatureValue xmlns="http://www.w3.org/2000/09/xmldsig#">EqooZgFj2y51F5a9FlASoPnTyLkcOWxO/f/xAYNDr/w4/6Gtvykotapb3gh3hTzALm2gIf9ddtiuMjcTqPD9RF+8wUvl6AaY6PmF6hdQ6aJmQsw68akJDzhrWIw5BM6xr2n08/BLnKKjBDg46D4hPmTPtXXynZEf7L+J3aKzFT8=</SignatureValue><KeyInfo xmlns="http://www.w3.org/2000/09/xmldsig#"><KeyValue><RSAKeyValue><Modulus>wRSGFs73V0JMKVVRCX9pEVmluvNojvtDvzHduZ+pX458q9THGbti8zEty6ydF7nxVFCRriONFm6w+PtcZhRT+eXMb21jzY6biII4BXdh91BmVZ96FyYROMnHS6zjfK7+oDbsVV8XWkZ11DiHa+9wySxQcc4fBd23xGYpo52p2fc=</Modulus><Exponent>AQAB</Exponent></RSAKeyValue></KeyValue></KeyInfo><Object Id="SiteCore.SQLConnector" xmlns="http://www.w3.org/2000/09/xmldsig#"><module xmlns=""><idref>20200809220524</idref><name>SiteCore.SQLConnector</name><count>1</count><expiration>20210830T000000</expiration><version>9</version><comment /><licenseagreement>?</licenseagreement></module></Object></Signature><Signature><SignedInfo xmlns="http://www.w3.org/2000/09/xmldsig#"><CanonicalizationMethod Algorithm="http://www.w3.org/TR/2001/REC-xml-c14n-20010315" /><SignatureMethod Algorithm="http://www.w3.org/2000/09/xmldsig#rsa-sha1" /><Reference URI="#Sitecore.AdaptivePrint"><DigestMethod Algorithm="http://www.w3.org/2000/09/xmldsig#sha1" /><DigestValue>UaWR+1qU0NZzrO2R9bFBH7iCaGc=</DigestValue></Reference></SignedInfo><SignatureValue xmlns="http://www.w3.org/2000/09/xmldsig#">hw+J6mdFWQmOdMcLXvqE7ju7t8BT/68ZjHAOuyuiU24oA6Va96HIuRoiJosQTw1cYM1qbloak0KCaLf+IP0TFY5nYhkxAhA69a+vL7c2N00qXswbfIXHahKRyUcMufELu/kiI9oqDJX9LaHHY369XuqcHqj8b+17TYV5MZ7za80=</SignatureValue><KeyInfo xmlns="http://www.w3.org/2000/09/xmldsig#"><KeyValue><RSAKeyValue><Modulus>wRSGFs73V0JMKVVRCX9pEVmluvNojvtDvzHduZ+pX458q9THGbti8zEty6ydF7nxVFCRriONFm6w+PtcZhRT+eXMb21jzY6biII4BXdh91BmVZ96FyYROMnHS6zjfK7+oDbsVV8XWkZ11DiHa+9wySxQcc4fBd23xGYpo52p2fc=</Modulus><Exponent>AQAB</Exponent></RSAKeyValue></KeyValue></KeyInfo><Object Id="Sitecore.AdaptivePrint" xmlns="http://www.w3.org/2000/09/xmldsig#"><module xmlns=""><idref>20200809220524</idref><name>Sitecore.AdaptivePrint</name><count>1</count><expiration>20210830T000000</expiration><version>9</version><comment /><licenseagreement>?</licenseagreement></module></Object></Signature><Signature><SignedInfo xmlns="http://www.w3.org/2000/09/xmldsig#"><CanonicalizationMethod Algorithm="http://www.w3.org/TR/2001/REC-xml-c14n-20010315" /><SignatureMethod Algorithm="http://www.w3.org/2000/09/xmldsig#rsa-sha1" /><Reference URI="#Sitecore.Print.Runtime"><DigestMethod Algorithm="http://www.w3.org/2000/09/xmldsig#sha1" /><DigestValue>t9fVQajFW2+XGBQ2qg6NU7unP+M=</DigestValue></Reference></SignedInfo><SignatureValue xmlns="http://www.w3.org/2000/09/xmldsig#">dEXMPGiEPSkzkGUNLZMRJw5QT4l1ZdpzNgNbqlgdGod1yfj2XNEk5fGtKx6zUCqZ0dvAN+kzyCXAxPxFLshBKnrEfGGF+LFtRI8j47nxdBYHCxUevxckDbGZn8bllu650UxdJ78PmypXYiG57BEAQHojgjfIsNuhLeFoAkvJwSI=</SignatureValue><KeyInfo xmlns="http://www.w3.org/2000/09/xmldsig#"><KeyValue><RSAKeyValue><Modulus>wRSGFs73V0JMKVVRCX9pEVmluvNojvtDvzHduZ+pX458q9THGbti8zEty6ydF7nxVFCRriONFm6w+PtcZhRT+eXMb21jzY6biII4BXdh91BmVZ96FyYROMnHS6zjfK7+oDbsVV8XWkZ11DiHa+9wySxQcc4fBd23xGYpo52p2fc=</Modulus><Exponent>AQAB</Exponent></RSAKeyValue></KeyValue></KeyInfo><Object Id="Sitecore.Print.Runtime" xmlns="http://www.w3.org/2000/09/xmldsig#"><module xmlns=""><idref>20200809220524</idref><name>Sitecore.Print.Runtime</name><count>1</count><expiration>20210830T000000</expiration><version>9</version><comment /><licenseagreement>?</licenseagreement></module></Object></Signature><Signature><SignedInfo xmlns="http://www.w3.org/2000/09/xmldsig#"><CanonicalizationMethod Algorithm="http://www.w3.org/TR/2001/REC-xml-c14n-20010315" /><SignatureMethod Algorithm="http://www.w3.org/2000/09/xmldsig#rsa-sha1" /><Reference URI="#SiteCore.ContentManager"><DigestMethod Algorithm="http://www.w3.org/2000/09/xmldsig#sha1" /><DigestValue>RnpctZr6ICF8yU+thuQpFDK/l/U=</DigestValue></Reference></SignedInfo><SignatureValue xmlns="http://www.w3.org/2000/09/xmldsig#">IEZYFXHcW2cSPth8vf7N9OLp6GO8bdmrknUgYJlQm6dlxMLEoFPVwLtsFKGI5WLeBGk9EfTEyssCqVm7egbklGWPjAsB4uhksQAnPEiX+Tfepi6dhCDbXB0G44eLy5+e+UqQ5F43IHk8cTx0SMzJWrrrKX5YiYCR1GCyPIOndC0=</SignatureValue><KeyInfo xmlns="http://www.w3.org/2000/09/xmldsig#"><KeyValue><RSAKeyValue><Modulus>wRSGFs73V0JMKVVRCX9pEVmluvNojvtDvzHduZ+pX458q9THGbti8zEty6ydF7nxVFCRriONFm6w+PtcZhRT+eXMb21jzY6biII4BXdh91BmVZ96FyYROMnHS6zjfK7+oDbsVV8XWkZ11DiHa+9wySxQcc4fBd23xGYpo52p2fc=</Modulus><Exponent>AQAB</Exponent></RSAKeyValue></KeyValue></KeyInfo><Object Id="SiteCore.ContentManager" xmlns="http://www.w3.org/2000/09/xmldsig#"><module xmlns=""><idref>20200809220524</idref><name>SiteCore.ContentManager</name><count>1</count><expiration>20210830T000000</expiration><version>9</version><comment /><licenseagreement>?</licenseagreement></module></Object></Signature><Signature><SignedInfo xmlns="http://www.w3.org/2000/09/xmldsig#"><CanonicalizationMethod Algorithm="http://www.w3.org/TR/2001/REC-xml-c14n-20010315" /><SignatureMethod Algorithm="http://www.w3.org/2000/09/xmldsig#rsa-sha1" /><Reference URI="#Sitecore.MSS.Newsletter"><DigestMethod Algorithm="http://www.w3.org/2000/09/xmldsig#sha1" /><DigestValue>jZX+A0YvRftHZ0k3zEj1GH9IH/g=</DigestValue></Reference></SignedInfo><SignatureValue xmlns="http://www.w3.org/2000/09/xmldsig#">EfbK/fKo41BBzmndNMxFTbDn7PUQM3dWhBbat9K4h1wFPMNptpHkL3+ZzEwyLOsg0Tk+r0tYmfdAsh2tmb7Nsoj+zKcCLO/cin6UxcPAN2fgPFUNXUq1f7i0AAizsJuZ7g+PiMcFKzcDwVOculvpnhJ6RYpunW9gh9gzw7leGhk=</SignatureValue><KeyInfo xmlns="http://www.w3.org/2000/09/xmldsig#"><KeyValue><RSAKeyValue><Modulus>wRSGFs73V0JMKVVRCX9pEVmluvNojvtDvzHduZ+pX458q9THGbti8zEty6ydF7nxVFCRriONFm6w+PtcZhRT+eXMb21jzY6biII4BXdh91BmVZ96FyYROMnHS6zjfK7+oDbsVV8XWkZ11DiHa+9wySxQcc4fBd23xGYpo52p2fc=</Modulus><Exponent>AQAB</Exponent></RSAKeyValue></KeyValue></KeyInfo><Object Id="Sitecore.MSS.Newsletter" xmlns="http://www.w3.org/2000/09/xmldsig#"><module xmlns=""><idref>20200809220524</idref><name>Sitecore.MSS.Newsletter</name><count>1</count><expiration>20210830T000000</expiration><version>9</version><comment /><licenseagreement>?</licenseagreement></module></Object></Signature><Signature><SignedInfo xmlns="http://www.w3.org/2000/09/xmldsig#"><CanonicalizationMethod Algorithm="http://www.w3.org/TR/2001/REC-xml-c14n-20010315" /><SignatureMethod Algorithm="http://www.w3.org/2000/09/xmldsig#rsa-sha1" /><Reference URI="#Sitecore.MSS.SiteEditors"><DigestMethod Algorithm="http://www.w3.org/2000/09/xmldsig#sha1" /><DigestValue>MI1/qcn6oUBCAlRF4sUv9hMexz8=</DigestValue></Reference></SignedInfo><SignatureValue xmlns="http://www.w3.org/2000/09/xmldsig#">ln18Ik3FPHzHpyPTsAQ+EDyeIgdRaTue8QOPjYnTkr1Zb6Aihb81N24g7PJTB43H8n0xsJKEKsbzYcClpmLVyXtbXrE9PQCl2DlQPfXRO1BdPsiF/hJkchF8uElASxAY9WuzDDWa62nol8YH/faNnBhtCmZXy+iUHjDXFXC+1aE=</SignatureValue><KeyInfo xmlns="http://www.w3.org/2000/09/xmldsig#"><KeyValue><RSAKeyValue><Modulus>wRSGFs73V0JMKVVRCX9pEVmluvNojvtDvzHduZ+pX458q9THGbti8zEty6ydF7nxVFCRriONFm6w+PtcZhRT+eXMb21jzY6biII4BXdh91BmVZ96FyYROMnHS6zjfK7+oDbsVV8XWkZ11DiHa+9wySxQcc4fBd23xGYpo52p2fc=</Modulus><Exponent>AQAB</Exponent></RSAKeyValue></KeyValue></KeyInfo><Object Id="Sitecore.MSS.SiteEditors" xmlns="http://www.w3.org/2000/09/xmldsig#"><module xmlns=""><idref>20200809220524</idref><name>Sitecore.MSS.SiteEditors</name><count>1</count><expiration>20210830T000000</expiration><version>9</version><comment /><licenseagreement>?</licenseagreement></module></Object></Signature><Signature><SignedInfo xmlns="http://www.w3.org/2000/09/xmldsig#"><CanonicalizationMethod Algorithm="http://www.w3.org/TR/2001/REC-xml-c14n-20010315" /><SignatureMethod Algorithm="http://www.w3.org/2000/09/xmldsig#rsa-sha1" /><Reference URI="#Sitecore.Commerce.Connect"><DigestMethod Algorithm="http://www.w3.org/2000/09/xmldsig#sha1" /><DigestValue>MQOy+/lxReS+3PM0AEQ7a1+tU4g=</DigestValue></Reference></SignedInfo><SignatureValue xmlns="http://www.w3.org/2000/09/xmldsig#">X3BKcrm2JH1lF9MKXfFu1rW6bfIJD5DEZSrTanGnYVFmsQ/vgbprec8JdDp0o6WBR+pkOn5ez5v/oUhmkstfb24wKYVW/lb1EquUTUi30rmfj7Z4IhDpOr0XbLUy+rIUK8CFBItoBRsciO/0VsVUSE19RbcHwfNRhe5IOrzYHtY=</SignatureValue><KeyInfo xmlns="http://www.w3.org/2000/09/xmldsig#"><KeyValue><RSAKeyValue><Modulus>wRSGFs73V0JMKVVRCX9pEVmluvNojvtDvzHduZ+pX458q9THGbti8zEty6ydF7nxVFCRriONFm6w+PtcZhRT+eXMb21jzY6biII4BXdh91BmVZ96FyYROMnHS6zjfK7+oDbsVV8XWkZ11DiHa+9wySxQcc4fBd23xGYpo52p2fc=</Modulus><Exponent>AQAB</Exponent></RSAKeyValue></KeyValue></KeyInfo><Object Id="Sitecore.Commerce.Connect" xmlns="http://www.w3.org/2000/09/xmldsig#"><module xmlns=""><idref>20200809220524</idref><name>Sitecore.Commerce.Connect</name><count>1</count><expiration>20210830T000000</expiration><version>9</version><comment /><licenseagreement>?</licenseagreement></module></Object></Signature><Signature><SignedInfo xmlns="http://www.w3.org/2000/09/xmldsig#"><CanonicalizationMethod Algorithm="http://www.w3.org/TR/2001/REC-xml-c14n-20010315" /><SignatureMethod Algorithm="http://www.w3.org/2000/09/xmldsig#rsa-sha1" /><Reference URI="#Sitecore.MSS.ForumExpress"><DigestMethod Algorithm="http://www.w3.org/2000/09/xmldsig#sha1" /><DigestValue>lN4DAEvtDYi7hZ3FSTAleRGLLLM=</DigestValue></Reference></SignedInfo><SignatureValue xmlns="http://www.w3.org/2000/09/xmldsig#">s3J+UMw8bNE+/P47rjU8dghJ8FYfQy1O+wKe4g2RO/mqaw5Oo8gazQiBYaZ3qYmkrGhmpYyTDTOCdNo+OHMbZHyRZo+HE+V0C1YRWMb6ARV7FCp960LyV10JcVlJ1BkX93+DI3nEq5tlB8WQ+U/uMGLvRO/Lm0KRssPAR/tkP1Y=</SignatureValue><KeyInfo xmlns="http://www.w3.org/2000/09/xmldsig#"><KeyValue><RSAKeyValue><Modulus>wRSGFs73V0JMKVVRCX9pEVmluvNojvtDvzHduZ+pX458q9THGbti8zEty6ydF7nxVFCRriONFm6w+PtcZhRT+eXMb21jzY6biII4BXdh91BmVZ96FyYROMnHS6zjfK7+oDbsVV8XWkZ11DiHa+9wySxQcc4fBd23xGYpo52p2fc=</Modulus><Exponent>AQAB</Exponent></RSAKeyValue></KeyValue></KeyInfo><Object Id="Sitecore.MSS.ForumExpress" xmlns="http://www.w3.org/2000/09/xmldsig#"><module xmlns=""><idref>20200809220524</idref><name>Sitecore.MSS.ForumExpress</name><count>1</count><expiration>20210830T000000</expiration><version>9</version><comment /><licenseagreement>?</licenseagreement></module></Object></Signature><Signature><SignedInfo xmlns="http://www.w3.org/2000/09/xmldsig#"><CanonicalizationMethod Algorithm="http://www.w3.org/TR/2001/REC-xml-c14n-20010315" /><SignatureMethod Algorithm="http://www.w3.org/2000/09/xmldsig#rsa-sha1" /><Reference URI="#Sitecore.MSS.EventCalendar"><DigestMethod Algorithm="http://www.w3.org/2000/09/xmldsig#sha1" /><DigestValue>0DdFGiRA5DAMgeHp4HZ5iA/S4MI=</DigestValue></Reference></SignedInfo><SignatureValue xmlns="http://www.w3.org/2000/09/xmldsig#">fKD4qfAWUOQu8AYXv67spqqp5xdY76Oj2khPHqcR0SsKhOli8Sr2y6VQP+fkEMhgYyIBCptdQg455X0LJyKdQtVTk9Uk6Ef7zdKGtdeMTw2k+QoWWub0BCLM3NSGqdkt4Z3z1RTmyOmoWhIa7RsZzXUmkUEC1u2sJ5UQNSR4jQ0=</SignatureValue><KeyInfo xmlns="http://www.w3.org/2000/09/xmldsig#"><KeyValue><RSAKeyValue><Modulus>wRSGFs73V0JMKVVRCX9pEVmluvNojvtDvzHduZ+pX458q9THGbti8zEty6ydF7nxVFCRriONFm6w+PtcZhRT+eXMb21jzY6biII4BXdh91BmVZ96FyYROMnHS6zjfK7+oDbsVV8XWkZ11DiHa+9wySxQcc4fBd23xGYpo52p2fc=</Modulus><Exponent>AQAB</Exponent></RSAKeyValue></KeyValue></KeyInfo><Object Id="Sitecore.MSS.EventCalendar" xmlns="http://www.w3.org/2000/09/xmldsig#"><module xmlns=""><idref>20200809220524</idref><name>Sitecore.MSS.EventCalendar</name><count>1</count><expiration>20210830T000000</expiration><version>9</version><comment /><licenseagreement>?</licenseagreement></module></Object></Signature><Signature><SignedInfo xmlns="http://www.w3.org/2000/09/xmldsig#"><CanonicalizationMethod Algorithm="http://www.w3.org/TR/2001/REC-xml-c14n-20010315" /><SignatureMethod Algorithm="http://www.w3.org/2000/09/xmldsig#rsa-sha1" /><Reference URI="#Sitecore.MSS.SiteDocuments"><DigestMethod Algorithm="http://www.w3.org/2000/09/xmldsig#sha1" /><DigestValue>sTSMAG8jkQl2ayGUk3vbeNEd5lc=</DigestValue></Reference></SignedInfo><SignatureValue xmlns="http://www.w3.org/2000/09/xmldsig#">qkLm8WaeJTm+w2Ky1cFLDC91XvxtaWjlLohCwbO8NsmR8OFhNeSaaFtCk7k9cNjU4bqJ7qSyoc2YQjmlJW5PyIeuPSnZD5N4ILl2oT2P0wQrdrWQ5mK7uS522FG4mVuRUEu6S8Pq0l3xLRbiAvpZP4DYbbQxKqWaop5/OBMAhis=</SignatureValue><KeyInfo xmlns="http://www.w3.org/2000/09/xmldsig#"><KeyValue><RSAKeyValue><Modulus>wRSGFs73V0JMKVVRCX9pEVmluvNojvtDvzHduZ+pX458q9THGbti8zEty6ydF7nxVFCRriONFm6w+PtcZhRT+eXMb21jzY6biII4BXdh91BmVZ96FyYROMnHS6zjfK7+oDbsVV8XWkZ11DiHa+9wySxQcc4fBd23xGYpo52p2fc=</Modulus><Exponent>AQAB</Exponent></RSAKeyValue></KeyValue></KeyInfo><Object Id="Sitecore.MSS.SiteDocuments" xmlns="http://www.w3.org/2000/09/xmldsig#"><module xmlns=""><idref>20200809220524</idref><name>Sitecore.MSS.SiteDocuments</name><count>1</count><expiration>20210830T000000</expiration><version>9</version><comment /><licenseagreement>?</licenseagreement></module></Object></Signature><Signature><SignedInfo xmlns="http://www.w3.org/2000/09/xmldsig#"><CanonicalizationMethod Algorithm="http://www.w3.org/TR/2001/REC-xml-c14n-20010315" /><SignatureMethod Algorithm="http://www.w3.org/2000/09/xmldsig#rsa-sha1" /><Reference URI="#Sitecore.Print.Workstation"><DigestMethod Algorithm="http://www.w3.org/2000/09/xmldsig#sha1" /><DigestValue>NOCEzDipR3wQmu4eezPq/SxjpbU=</DigestValue></Reference></SignedInfo><SignatureValue xmlns="http://www.w3.org/2000/09/xmldsig#">deKND2kqB3CHpaCqrPSEBile4amTbYTUVwXuPj6dcB2x5kybAUCKMRchCwbw3KrKMnq0H2ZVHkzi60MAHPd0+8dx0+qtxRWnG6CxIddtIBc0DIK98CymE8Dqft8Q6QSNJG7o09fass8QWkAitG3cOcmpLswRut6YQKI/jzlh7ok=</SignatureValue><KeyInfo xmlns="http://www.w3.org/2000/09/xmldsig#"><KeyValue><RSAKeyValue><Modulus>wRSGFs73V0JMKVVRCX9pEVmluvNojvtDvzHduZ+pX458q9THGbti8zEty6ydF7nxVFCRriONFm6w+PtcZhRT+eXMb21jzY6biII4BXdh91BmVZ96FyYROMnHS6zjfK7+oDbsVV8XWkZ11DiHa+9wySxQcc4fBd23xGYpo52p2fc=</Modulus><Exponent>AQAB</Exponent></RSAKeyValue></KeyValue></KeyInfo><Object Id="Sitecore.Print.Workstation" xmlns="http://www.w3.org/2000/09/xmldsig#"><module xmlns=""><idref>20200809220524</idref><name>Sitecore.Print.Workstation</name><count>1</count><expiration>20210830T000000</expiration><version>9</version><comment /><licenseagreement>?</licenseagreement></module></Object></Signature><Signature><SignedInfo xmlns="http://www.w3.org/2000/09/xmldsig#"><CanonicalizationMethod Algorithm="http://www.w3.org/TR/2001/REC-xml-c14n-20010315" /><SignatureMethod Algorithm="http://www.w3.org/2000/09/xmldsig#rsa-sha1" /><Reference URI="#Sitecore.MSS.ImageCollections"><DigestMethod Algorithm="http://www.w3.org/2000/09/xmldsig#sha1" /><DigestValue>ZpXOjUz6PuNIEFjmZrGZ36PdW3o=</DigestValue></Reference></SignedInfo><SignatureValue xmlns="http://www.w3.org/2000/09/xmldsig#">YbHKYnRVCtgflc+sPwHjHgUgItQNsInChuOxums8BZsXxODytmXEf07Xz2cgsDWo+kqbkQAG+luiIQfSbvaOK/cqCRAHJemFC/HMBEYx7nYedC9fYXRGNzo+xj7NUk8jqNqweBCE7rxhydv5VqHSJ8L5vAXMLi3JqlcwjGLX/SQ=</SignatureValue><KeyInfo xmlns="http://www.w3.org/2000/09/xmldsig#"><KeyValue><RSAKeyValue><Modulus>wRSGFs73V0JMKVVRCX9pEVmluvNojvtDvzHduZ+pX458q9THGbti8zEty6ydF7nxVFCRriONFm6w+PtcZhRT+eXMb21jzY6biII4BXdh91BmVZ96FyYROMnHS6zjfK7+oDbsVV8XWkZ11DiHa+9wySxQcc4fBd23xGYpo52p2fc=</Modulus><Exponent>AQAB</Exponent></RSAKeyValue></KeyValue></KeyInfo><Object Id="Sitecore.MSS.ImageCollections" xmlns="http://www.w3.org/2000/09/xmldsig#"><module xmlns=""><idref>20200809220524</idref><name>Sitecore.MSS.ImageCollections</name><count>1</count><expiration>20210830T000000</expiration><version>9</version><comment /><licenseagreement>?</licenseagreement></module></Object></Signature><Signature><SignedInfo xmlns="http://www.w3.org/2000/09/xmldsig#"><CanonicalizationMethod Algorithm="http://www.w3.org/TR/2001/REC-xml-c14n-20010315" /><SignatureMethod Algorithm="http://www.w3.org/2000/09/xmldsig#rsa-sha1" /><Reference URI="#Sitecore.EcommerceFundamentals"><DigestMethod Algorithm="http://www.w3.org/2000/09/xmldsig#sha1" /><DigestValue>u2kGST/5e/uQcvG3rMawQXR4Qiw=</DigestValue></Reference></SignedInfo><SignatureValue xmlns="http://www.w3.org/2000/09/xmldsig#">e5UzOrbW2SvMsfIXdxahmjjQVBqW1zs4p+jU9ZEw5IN6NQ4oeMoq/9ljgO0w2l9p8ljfpsVOrVTPO4pw7CiMwmUqQA1pMD1vyGHe+Au8k5f/Cy4pK9xsImO5mWv9cvYGmSYGsveUGyGsWhFu5O6qIlYxSwYfdjfzxlZ33oYVHSs=</SignatureValue><KeyInfo xmlns="http://www.w3.org/2000/09/xmldsig#"><KeyValue><RSAKeyValue><Modulus>wRSGFs73V0JMKVVRCX9pEVmluvNojvtDvzHduZ+pX458q9THGbti8zEty6ydF7nxVFCRriONFm6w+PtcZhRT+eXMb21jzY6biII4BXdh91BmVZ96FyYROMnHS6zjfK7+oDbsVV8XWkZ11DiHa+9wySxQcc4fBd23xGYpo52p2fc=</Modulus><Exponent>AQAB</Exponent></RSAKeyValue></KeyValue></KeyInfo><Object Id="Sitecore.EcommerceFundamentals" xmlns="http://www.w3.org/2000/09/xmldsig#"><module xmlns=""><idref>20200809220524</idref><name>Sitecore.EcommerceFundamentals</name><count>1</count><expiration>20210830T000000</expiration><version>9</version><comment /><licenseagreement>?</licenseagreement></module></Object></Signature><Signature><SignedInfo xmlns="http://www.w3.org/2000/09/xmldsig#"><CanonicalizationMethod Algorithm="http://www.w3.org/TR/2001/REC-xml-c14n-20010315" /><SignatureMethod Algorithm="http://www.w3.org/2000/09/xmldsig#rsa-sha1" /><Reference URI="#Sitecore.Print.DocumentService"><DigestMethod Algorithm="http://www.w3.org/2000/09/xmldsig#sha1" /><DigestValue>yFuq3m3KR3QrNBWNPhyjX0khya4=</DigestValue></Reference></SignedInfo><SignatureValue xmlns="http://www.w3.org/2000/09/xmldsig#">c2FSXSN+WtvQO2Uj+fbMo+QWOr5wrSaxXOeo5o25mFnVsTKTVFE/TyK/Ib54/AoI9kje9/me60gpdcBeZeKTv8UtFx3L1/tM9IkyZei9eR6FSjTQhkNgBQc8S0U8/H84Eqi5nRwDBf6ztI2XuSaWu8H8ZH0qHo93fk6EBsc1pXY=</SignatureValue><KeyInfo xmlns="http://www.w3.org/2000/09/xmldsig#"><KeyValue><RSAKeyValue><Modulus>wRSGFs73V0JMKVVRCX9pEVmluvNojvtDvzHduZ+pX458q9THGbti8zEty6ydF7nxVFCRriONFm6w+PtcZhRT+eXMb21jzY6biII4BXdh91BmVZ96FyYROMnHS6zjfK7+oDbsVV8XWkZ11DiHa+9wySxQcc4fBd23xGYpo52p2fc=</Modulus><Exponent>AQAB</Exponent></RSAKeyValue></KeyValue></KeyInfo><Object Id="Sitecore.Print.DocumentService" xmlns="http://www.w3.org/2000/09/xmldsig#"><module xmlns=""><idref>20200809220524</idref><name>Sitecore.Print.DocumentService</name><count>1</count><expiration>20210830T000000</expiration><version>9</version><comment /><licenseagreement>?</licenseagreement></module></Object></Signature><Signature><SignedInfo xmlns="http://www.w3.org/2000/09/xmldsig#"><CanonicalizationMethod Algorithm="http://www.w3.org/TR/2001/REC-xml-c14n-20010315" /><SignatureMethod Algorithm="http://www.w3.org/2000/09/xmldsig#rsa-sha1" /><Reference URI="#Sitecore.CommerceServer.Runtime"><DigestMethod Algorithm="http://www.w3.org/2000/09/xmldsig#sha1" /><DigestValue>d8AjAo3lpf2FZbopLRK8VGFRCG0=</DigestValue></Reference></SignedInfo><SignatureValue xmlns="http://www.w3.org/2000/09/xmldsig#">N8XzfQmh4ZQHi/mYWzK0k40IZg36OFLd7U9Ezk3g7EkjrWrJJhKrrpssVj7g7jftDwrLH0eTzX+Dl5CnCuJY5t73q5CT6ucN7cfg7aM7pDfSaJ3wEWHbdyPBYtIrMp7Wu8iyvGW1JJcm+c+eR85CP/Ix6eQNgb5PiEHY+2kVxPE=</SignatureValue><KeyInfo xmlns="http://www.w3.org/2000/09/xmldsig#"><KeyValue><RSAKeyValue><Modulus>wRSGFs73V0JMKVVRCX9pEVmluvNojvtDvzHduZ+pX458q9THGbti8zEty6ydF7nxVFCRriONFm6w+PtcZhRT+eXMb21jzY6biII4BXdh91BmVZ96FyYROMnHS6zjfK7+oDbsVV8XWkZ11DiHa+9wySxQcc4fBd23xGYpo52p2fc=</Modulus><Exponent>AQAB</Exponent></RSAKeyValue></KeyValue></KeyInfo><Object Id="Sitecore.CommerceServer.Runtime" xmlns="http://www.w3.org/2000/09/xmldsig#"><module xmlns=""><idref>20200809220524</idref><name>Sitecore.CommerceServer.Runtime</name><count>1</count><expiration>20210830T000000</expiration><version>9</version><comment /><licenseagreement>?</licenseagreement></module></Object></Signature><Signature><SignedInfo xmlns="http://www.w3.org/2000/09/xmldsig#"><CanonicalizationMethod Algorithm="http://www.w3.org/TR/2001/REC-xml-c14n-20010315" /><SignatureMethod Algorithm="http://www.w3.org/2000/09/xmldsig#rsa-sha1" /><Reference URI="#Sitecore.Commerce.ConnectPartner"><DigestMethod Algorithm="http://www.w3.org/2000/09/xmldsig#sha1" /><DigestValue>lQCSrDWGlu9zWvyoNFsCNI9Tm/E=</DigestValue></Reference></SignedInfo><SignatureValue xmlns="http://www.w3.org/2000/09/xmldsig#">v4gK6EbOLsS1CLmXHPKxwWSbcWyHLUknqR9Qs/vOHIR8e+vzEglHuwhxhOdkYNVhyTnQMPjCNPbAg2eZNZGtpbrcRkpZZEVlur2p8THAdGdRuHXlbJDPCBd816d+u7Vk8Om+KptOM9auDGPtDOWhE4P9L8Knbt+pg9SeOUEiiMs=</SignatureValue><KeyInfo xmlns="http://www.w3.org/2000/09/xmldsig#"><KeyValue><RSAKeyValue><Modulus>wRSGFs73V0JMKVVRCX9pEVmluvNojvtDvzHduZ+pX458q9THGbti8zEty6ydF7nxVFCRriONFm6w+PtcZhRT+eXMb21jzY6biII4BXdh91BmVZ96FyYROMnHS6zjfK7+oDbsVV8XWkZ11DiHa+9wySxQcc4fBd23xGYpo52p2fc=</Modulus><Exponent>AQAB</Exponent></RSAKeyValue></KeyValue></KeyInfo><Object Id="Sitecore.Commerce.ConnectPartner" xmlns="http://www.w3.org/2000/09/xmldsig#"><module xmlns=""><idref>20200809220524</idref><name>Sitecore.Commerce.ConnectPartner</name><count>1</count><expiration>20210830T000000</expiration><version>9</version><comment /><licenseagreement>?</licenseagreement></module></Object></Signature><Signature><SignedInfo xmlns="http://www.w3.org/2000/09/xmldsig#"><CanonicalizationMethod Algorithm="http://www.w3.org/TR/2001/REC-xml-c14n-20010315" /><SignatureMethod Algorithm="http://www.w3.org/2000/09/xmldsig#rsa-sha1" /><Reference URI="#Sitecore.CommerceServer.Integrated"><DigestMethod Algorithm="http://www.w3.org/2000/09/xmldsig#sha1" /><DigestValue>m+YzgzqmyiF9Xwmi33CF9yCHijk=</DigestValue></Reference></SignedInfo><SignatureValue xmlns="http://www.w3.org/2000/09/xmldsig#">v+KehQaaiISjrvJKT7i4g0SH87boaLyDjQl1kLgma5SBKTJYPg/0hv5/YuCcbcuiK+SDhE51OctYrMoe0O96HQ30rqUvscJ89K//J9f+j3E2GeWjJj4AAK0CTdENe6a/caJjgMcu4q2vMiB2xF9dQXQ8nwN0jLZmG6C8iOtD8sc=</SignatureValue><KeyInfo xmlns="http://www.w3.org/2000/09/xmldsig#"><KeyValue><RSAKeyValue><Modulus>wRSGFs73V0JMKVVRCX9pEVmluvNojvtDvzHduZ+pX458q9THGbti8zEty6ydF7nxVFCRriONFm6w+PtcZhRT+eXMb21jzY6biII4BXdh91BmVZ96FyYROMnHS6zjfK7+oDbsVV8XWkZ11DiHa+9wySxQcc4fBd23xGYpo52p2fc=</Modulus><Exponent>AQAB</Exponent></RSAKeyValue></KeyValue></KeyInfo><Object Id="Sitecore.CommerceServer.Integrated" xmlns="http://www.w3.org/2000/09/xmldsig#"><module xmlns=""><idref>20200809220524</idref><name>Sitecore.CommerceServer.Integrated</name><count>1</count><expiration>20210830T000000</expiration><version>9</version><comment /><licenseagreement>?</licenseagreement></module></Object></Signature><Signature><SignedInfo xmlns="http://www.w3.org/2000/09/xmldsig#"><CanonicalizationMethod Algorithm="http://www.w3.org/TR/2001/REC-xml-c14n-20010315" /><SignatureMethod Algorithm="http://www.w3.org/2000/09/xmldsig#rsa-sha1" /><Reference URI="#Sitecore.FederatedExperienceManager"><DigestMethod Algorithm="http://www.w3.org/2000/09/xmldsig#sha1" /><DigestValue>OuyqtFucXh4/55HcEE9qKUBQ5xQ=</DigestValue></Reference></SignedInfo><SignatureValue xmlns="http://www.w3.org/2000/09/xmldsig#">RqkxpQl1GIOnDd98jP6IGPRM5iiVou1l8NmdG8+etkTWnDweXsRu8qxIqhc1gypzqeg0N1xB+MDKx+aFKQDq6x6fZVQN3ZCjL1nABfWJ2WYE6etRi1p5Ed8Q2lESTJIKZ4h3/K7mSNf3x4DO7VimLXROMOEV4cgHROAWNhN7j3A=</SignatureValue><KeyInfo xmlns="http://www.w3.org/2000/09/xmldsig#"><KeyValue><RSAKeyValue><Modulus>wRSGFs73V0JMKVVRCX9pEVmluvNojvtDvzHduZ+pX458q9THGbti8zEty6ydF7nxVFCRriONFm6w+PtcZhRT+eXMb21jzY6biII4BXdh91BmVZ96FyYROMnHS6zjfK7+oDbsVV8XWkZ11DiHa+9wySxQcc4fBd23xGYpo52p2fc=</Modulus><Exponent>AQAB</Exponent></RSAKeyValue></KeyValue></KeyInfo><Object Id="Sitecore.FederatedExperienceManager" xmlns="http://www.w3.org/2000/09/xmldsig#"><module xmlns=""><idref>20200809220524</idref><name>Sitecore.FederatedExperienceManager</name><count>1</count><expiration>20210830T000000</expiration><version>9</version><comment /><licenseagreement>?</licenseagreement></module></Object></Signature><Signature><SignedInfo xmlns="http://www.w3.org/2000/09/xmldsig#"><CanonicalizationMethod Algorithm="http://www.w3.org/TR/2001/REC-xml-c14n-20010315" /><SignatureMethod Algorithm="http://www.w3.org/2000/09/xmldsig#rsa-sha1" /><Reference URI="#Sitecore.Azure.DeploymentInstallation"><DigestMethod Algorithm="http://www.w3.org/2000/09/xmldsig#sha1" /><DigestValue>xZ3eQT0+tInfJxWWaxCJXPia8l4=</DigestValue></Reference></SignedInfo><SignatureValue xmlns="http://www.w3.org/2000/09/xmldsig#">ZKiZeFdnyF02dma0zFmNv+CBPxAA6kAJmsiln3JjHZdVlzuHw8wl4u86x1cybpXmzwp7Uj9ry4Et2i0OY3DEjM8ls0l/bb16uvE1EBkxOqJE/I6aWt2gjrVqdi/EvcpYyqTfUMHQqPlD2kLsLCkIW9O0GJAGYcA4wJXMaDP7OEA=</SignatureValue><KeyInfo xmlns="http://www.w3.org/2000/09/xmldsig#"><KeyValue><RSAKeyValue><Modulus>wRSGFs73V0JMKVVRCX9pEVmluvNojvtDvzHduZ+pX458q9THGbti8zEty6ydF7nxVFCRriONFm6w+PtcZhRT+eXMb21jzY6biII4BXdh91BmVZ96FyYROMnHS6zjfK7+oDbsVV8XWkZ11DiHa+9wySxQcc4fBd23xGYpo52p2fc=</Modulus><Exponent>AQAB</Exponent></RSAKeyValue></KeyValue></KeyInfo><Object Id="Sitecore.Azure.DeploymentInstallation" xmlns="http://www.w3.org/2000/09/xmldsig#"><module xmlns=""><idref>20200809220524</idref><name>Sitecore.Azure.DeploymentInstallation</name><count>1</count><expiration>20210830T000000</expiration><version>9</version><comment /><licenseagreement>?</licenseagreement></module></Object></Signature><Signature><SignedInfo xmlns="http://www.w3.org/2000/09/xmldsig#"><CanonicalizationMethod Algorithm="http://www.w3.org/TR/2001/REC-xml-c14n-20010315" /><SignatureMethod Algorithm="http://www.w3.org/2000/09/xmldsig#rsa-sha1" /><Reference URI="#Sitecore.Azure.EnablementInstallation"><DigestMethod Algorithm="http://www.w3.org/2000/09/xmldsig#sha1" /><DigestValue>+GRHhKDfzdyrQIIQzloCjaFcCe8=</DigestValue></Reference></SignedInfo><SignatureValue xmlns="http://www.w3.org/2000/09/xmldsig#">h1R6YzZGtQDbpNrDl+8IeLDAWw0xE4HSVh64mp10KyMU+amDXd2AWDfSgFjuGy6Sr98Svw+bukEshL1GgliIQbHEwGR82D6nmY/9FusMsb64zQzr1SC4DudvtYMbML096QFDgFANtWrl3JI7XnUDoiFGCVFvWHPkDOS6rbMT6b0=</SignatureValue><KeyInfo xmlns="http://www.w3.org/2000/09/xmldsig#"><KeyValue><RSAKeyValue><Modulus>wRSGFs73V0JMKVVRCX9pEVmluvNojvtDvzHduZ+pX458q9THGbti8zEty6ydF7nxVFCRriONFm6w+PtcZhRT+eXMb21jzY6biII4BXdh91BmVZ96FyYROMnHS6zjfK7+oDbsVV8XWkZ11DiHa+9wySxQcc4fBd23xGYpo52p2fc=</Modulus><Exponent>AQAB</Exponent></RSAKeyValue></KeyValue></KeyInfo><Object Id="Sitecore.Azure.EnablementInstallation" xmlns="http://www.w3.org/2000/09/xmldsig#"><module xmlns=""><idref>20200809220524</idref><name>Sitecore.Azure.EnablementInstallation</name><count>1</count><expiration>20210830T000000</expiration><version>9</version><comment /><licenseagreement>?</licenseagreement></module></Object></Signature><Signature><SignedInfo xmlns="http://www.w3.org/2000/09/xmldsig#"><CanonicalizationMethod Algorithm="http://www.w3.org/TR/2001/REC-xml-c14n-20010315" /><SignatureMethod Algorithm="http://www.w3.org/2000/09/xmldsig#rsa-sha1" /><Reference URI="#Sitecore.Commerce.Dynamics.Integrated"><DigestMethod Algorithm="http://www.w3.org/2000/09/xmldsig#sha1" /><DigestValue>+TTG6jnMAjZ7gEjMYR34h5nh9Nc=</DigestValue></Reference></SignedInfo><SignatureValue xmlns="http://www.w3.org/2000/09/xmldsig#">j5Qv4OaDsmFL4pObX3NR2SLJE+CeRYKOkTSgO//ta5niP8PLaPFJkg8K6PHAgP8VDAYshWS3gkjNJ/+yrdd8vP7PFsv2+Xfl+ENIej7ba//AV9SFB5ufGhDxH7qvByfgFk+uBUoXfhyUS5IHVJ4U/85KMyVB4HgEwI1UHhJ1ijY=</SignatureValue><KeyInfo xmlns="http://www.w3.org/2000/09/xmldsig#"><KeyValue><RSAKeyValue><Modulus>wRSGFs73V0JMKVVRCX9pEVmluvNojvtDvzHduZ+pX458q9THGbti8zEty6ydF7nxVFCRriONFm6w+PtcZhRT+eXMb21jzY6biII4BXdh91BmVZ96FyYROMnHS6zjfK7+oDbsVV8XWkZ11DiHa+9wySxQcc4fBd23xGYpo52p2fc=</Modulus><Exponent>AQAB</Exponent></RSAKeyValue></KeyValue></KeyInfo><Object Id="Sitecore.Commerce.Dynamics.Integrated" xmlns="http://www.w3.org/2000/09/xmldsig#"><module xmlns=""><idref>20200809220524</idref><name>Sitecore.Commerce.Dynamics.Integrated</name><count>0</count><expiration>20210830T000000</expiration><version>9</version><comment /><licenseagreement>?</licenseagreement></module></Object></Signature><Signature><SignedInfo xmlns="http://www.w3.org/2000/09/xmldsig#"><CanonicalizationMethod Algorithm="http://www.w3.org/TR/2001/REC-xml-c14n-20010315" /><SignatureMethod Algorithm="http://www.w3.org/2000/09/xmldsig#rsa-sha1" /><Reference URI="#Sitecore.CommerceServer.ProdManagement"><DigestMethod Algorithm="http://www.w3.org/2000/09/xmldsig#sha1" /><DigestValue>rWWDB5LjB2ATc84X6HOiBBHCsXw=</DigestValue></Reference></SignedInfo><SignatureValue xmlns="http://www.w3.org/2000/09/xmldsig#">XE7ypW8lru9Z1bw64PjTvFUJS5fplAxSI7IBs6UuQsZ+OPa8wgeV+NlSIb4DtNjj0bhvFyq9QrQ+YgDTz+eU+kC8nhMTSzdYgGACVQWS7BFgtZjZadzrtzU5mmq59sOh1axxXn/pjb0wHvY8LvV8dizpcfH830DLoVYebGZxXpw=</SignatureValue><KeyInfo xmlns="http://www.w3.org/2000/09/xmldsig#"><KeyValue><RSAKeyValue><Modulus>wRSGFs73V0JMKVVRCX9pEVmluvNojvtDvzHduZ+pX458q9THGbti8zEty6ydF7nxVFCRriONFm6w+PtcZhRT+eXMb21jzY6biII4BXdh91BmVZ96FyYROMnHS6zjfK7+oDbsVV8XWkZ11DiHa+9wySxQcc4fBd23xGYpo52p2fc=</Modulus><Exponent>AQAB</Exponent></RSAKeyValue></KeyValue></KeyInfo><Object Id="Sitecore.CommerceServer.ProdManagement" xmlns="http://www.w3.org/2000/09/xmldsig#"><module xmlns=""><idref>20200809220524</idref><name>Sitecore.CommerceServer.ProdManagement</name><count>1</count><expiration>20210830T000000</expiration><version>9</version><comment /><licenseagreement>?</licenseagreement></module></Object></Signature></signedlicense>